"","PAR","METHOD","NSIZE","COMMUNALITY","SPECIFICATION","MODERROR","est"
"1","a","BS","30","Low","Correct","e=0.09 (XL)",0.224102902289224
"2","c","BS","30","Low","Correct","e=0.09 (XL)",0.0457612175630041
"3","b","BS","30","Low","Correct","e=0.09 (XL)",0.521978715888665
"4","a","RS","30","Low","Correct","e=0.09 (XL)",0.346959782159818
"5","c","RS","30","Low","Correct","e=0.09 (XL)",0.0263633347715162
"6","b","RS","30","Low","Correct","e=0.09 (XL)",0.693644443844161
"7","a","ILV","30","Low","Correct","e=0.09 (XL)",0.301865396456999
"8","c","ILV","30","Low","Correct","e=0.09 (XL)",0.0805819417336398
"9","b","ILV","30","Low","Correct","e=0.09 (XL)",0.573485691527642
"10","a","SEM","30","Low","Correct","e=0.09 (XL)",0.287480406306147
"11","c","SEM","30","Low","Correct","e=0.09 (XL)",0.0360083358308317
"12","b","SEM","30","Low","Correct","e=0.09 (XL)",0.62433012910291
"13","a","SS","30","Low","Correct","e=0.09 (XL)",0.715904510388804
"14","c","SS","30","Low","Correct","e=0.09 (XL)",0.255922007688971
"15","b","SS","30","Low","Correct","e=0.09 (XL)",0.652405982145493
"16","a","BS","30","Low","Simple","e=0.09 (XL)",0.596879430578662
"17","c","BS","30","Low","Simple","e=0.09 (XL)",0.411922095871646
"18","b","BS","30","Low","Simple","e=0.09 (XL)",0.397926122224218
"19","a","RS","30","Low","Simple","e=0.09 (XL)",0.744420533058432
"20","c","RS","30","Low","Simple","e=0.09 (XL)",0.519752338379261
"21","b","RS","30","Low","Simple","e=0.09 (XL)",0.381136694708698
"22","a","ILV","30","Low","Simple","e=0.09 (XL)",0.693467210115608
"23","c","ILV","30","Low","Simple","e=0.09 (XL)",0.469454112033699
"24","b","ILV","30","Low","Simple","e=0.09 (XL)",0.422466347804914
"25","a","SEM","30","Low","Simple","e=0.09 (XL)",0.691210797355095
"26","c","SEM","30","Low","Simple","e=0.09 (XL)",0.473534453330025
"27","b","SEM","30","Low","Simple","e=0.09 (XL)",0.390697124085201
"28","a","SS","30","Low","Simple","e=0.09 (XL)",0.539395893955167
"29","c","SS","30","Low","Simple","e=0.09 (XL)",0.364795240552649
"30","b","SS","30","Low","Simple","e=0.09 (XL)",0.491277948985465
"31","a","BS","60","Low","Correct","e=0.09 (XL)",0.209103137927688
"32","c","BS","60","Low","Correct","e=0.09 (XL)",0.0240007624350035
"33","b","BS","60","Low","Correct","e=0.09 (XL)",0.52939122812467
"34","a","RS","60","Low","Correct","e=0.09 (XL)",0.374167648667119
"35","c","RS","60","Low","Correct","e=0.09 (XL)",-0.0166900599907206
"36","b","RS","60","Low","Correct","e=0.09 (XL)",0.779369078818605
"37","a","ILV","60","Low","Correct","e=0.09 (XL)",0.295565318433792
"38","c","ILV","60","Low","Correct","e=0.09 (XL)",0.0285853375429346
"39","b","ILV","60","Low","Correct","e=0.09 (XL)",0.649280608917407
"40","a","SEM","60","Low","Correct","e=0.09 (XL)",0.293911939183844
"41","c","SEM","60","Low","Correct","e=0.09 (XL)",0.00614369489734509
"42","b","SEM","60","Low","Correct","e=0.09 (XL)",0.678484123837909
"43","a","SS","60","Low","Correct","e=0.09 (XL)",0.705309552703085
"44","c","SS","60","Low","Correct","e=0.09 (XL)",0.247941099242923
"45","b","SS","60","Low","Correct","e=0.09 (XL)",0.656566152015214
"46","a","BS","60","Low","Simple","e=0.09 (XL)",0.616284791963829
"47","c","BS","60","Low","Simple","e=0.09 (XL)",0.445774608231996
"48","b","BS","60","Low","Simple","e=0.09 (XL)",0.396414705342674
"49","a","RS","60","Low","Simple","e=0.09 (XL)",0.810461485894966
"50","c","RS","60","Low","Simple","e=0.09 (XL)",0.602155990690283
"51","b","RS","60","Low","Simple","e=0.09 (XL)",0.348785442265312
"52","a","ILV","60","Low","Simple","e=0.09 (XL)",0.724529282498328
"53","c","ILV","60","Low","Simple","e=0.09 (XL)",0.537409689968892
"54","b","ILV","60","Low","Simple","e=0.09 (XL)",0.3898676832389
"55","a","SEM","60","Low","Simple","e=0.09 (XL)",0.737164835558972
"56","c","SEM","60","Low","Simple","e=0.09 (XL)",0.560199216284671
"57","b","SEM","60","Low","Simple","e=0.09 (XL)",0.379961573710753
"58","a","SS","60","Low","Simple","e=0.09 (XL)",0.527423509892492
"59","c","SS","60","Low","Simple","e=0.09 (XL)",0.362609638896809
"60","b","SS","60","Low","Simple","e=0.09 (XL)",0.481358994677974
"61","a","BS","100","Low","Correct","e=0.09 (XL)",0.203485035409054
"62","c","BS","100","Low","Correct","e=0.09 (XL)",0.0276135433873411
"63","b","BS","100","Low","Correct","e=0.09 (XL)",0.533527608329257
"64","a","RS","100","Low","Correct","e=0.09 (XL)",0.384633752270112
"65","c","RS","100","Low","Correct","e=0.09 (XL)",-0.0214919424865855
"66","b","RS","100","Low","Correct","e=0.09 (XL)",0.809517317433252
"67","a","ILV","100","Low","Correct","e=0.09 (XL)",0.294707427368895
"68","c","ILV","100","Low","Correct","e=0.09 (XL)",0.0181017559814187
"69","b","ILV","100","Low","Correct","e=0.09 (XL)",0.678651928127939
"70","a","SEM","100","Low","Correct","e=0.09 (XL)",0.294731831959718
"71","c","SEM","100","Low","Correct","e=0.09 (XL)",0.00566387815485761
"72","b","SEM","100","Low","Correct","e=0.09 (XL)",0.694094716115467
"73","a","SS","100","Low","Correct","e=0.09 (XL)",0.706368958025536
"74","c","SS","100","Low","Correct","e=0.09 (XL)",0.244086747573512
"75","b","SS","100","Low","Correct","e=0.09 (XL)",0.664365129979039
"76","a","BS","100","Low","Simple","e=0.09 (XL)",0.626462342286423
"77","c","BS","100","Low","Simple","e=0.09 (XL)",0.46596050392235
"78","b","BS","100","Low","Simple","e=0.09 (XL)",0.405962834319156
"79","a","RS","100","Low","Simple","e=0.09 (XL)",0.836689795177672
"80","c","RS","100","Low","Simple","e=0.09 (XL)",0.629242411098567
"81","b","RS","100","Low","Simple","e=0.09 (XL)",0.359771847092971
"82","a","ILV","100","Low","Simple","e=0.09 (XL)",0.741935578688729
"83","c","ILV","100","Low","Simple","e=0.09 (XL)",0.562464177882076
"84","b","ILV","100","Low","Simple","e=0.09 (XL)",0.388068797024484
"85","a","SEM","100","Low","Simple","e=0.09 (XL)",0.753679166617161
"86","c","SEM","100","Low","Simple","e=0.09 (XL)",0.58513713296228
"87","b","SEM","100","Low","Simple","e=0.09 (XL)",0.381711500057241
"88","a","SS","100","Low","Simple","e=0.09 (XL)",0.528468139035183
"89","c","SS","100","Low","Simple","e=0.09 (XL)",0.366961970261395
"90","b","SS","100","Low","Simple","e=0.09 (XL)",0.484365655321273
"91","a","BS","200","Low","Correct","e=0.09 (XL)",0.202810721735619
"92","c","BS","200","Low","Correct","e=0.09 (XL)",0.0220628035194437
"93","b","BS","200","Low","Correct","e=0.09 (XL)",0.530834583740283
"94","a","RS","200","Low","Correct","e=0.09 (XL)",0.391449421906681
"95","c","RS","200","Low","Correct","e=0.09 (XL)",-0.0314289343961571
"96","b","RS","200","Low","Correct","e=0.09 (XL)",0.823917340763692
"97","a","ILV","200","Low","Correct","e=0.09 (XL)",0.297315730106179
"98","c","ILV","200","Low","Correct","e=0.09 (XL)",0.00348137826193096
"99","b","ILV","200","Low","Correct","e=0.09 (XL)",0.696249687392106
"100","a","SEM","200","Low","Correct","e=0.09 (XL)",0.297444547250372
"101","c","SEM","200","Low","Correct","e=0.09 (XL)",-0.00230634137881033
"102","b","SEM","200","Low","Correct","e=0.09 (XL)",0.702477856853766
"103","a","SS","200","Low","Correct","e=0.09 (XL)",0.701518867114201
"104","c","SS","200","Low","Correct","e=0.09 (XL)",0.238738404795176
"105","b","SS","200","Low","Correct","e=0.09 (XL)",0.669461616044857
"106","a","BS","200","Low","Simple","e=0.09 (XL)",0.622322386892362
"107","c","BS","200","Low","Simple","e=0.09 (XL)",0.478782252289435
"108","b","BS","200","Low","Simple","e=0.09 (XL)",0.403174853947485
"109","a","RS","200","Low","Simple","e=0.09 (XL)",0.841168698637788
"110","c","RS","200","Low","Simple","e=0.09 (XL)",0.652821152218719
"111","b","RS","200","Low","Simple","e=0.09 (XL)",0.352223804901894
"112","a","ILV","200","Low","Simple","e=0.09 (XL)",0.746953732646401
"113","c","ILV","200","Low","Simple","e=0.09 (XL)",0.589590754756212
"114","b","ILV","200","Low","Simple","e=0.09 (XL)",0.379013434302344
"115","a","SEM","200","Low","Simple","e=0.09 (XL)",0.753102833831076
"116","c","SEM","200","Low","Simple","e=0.09 (XL)",0.601419291403374
"117","b","SEM","200","Low","Simple","e=0.09 (XL)",0.375300268071895
"118","a","SS","200","Low","Simple","e=0.09 (XL)",0.521846748038434
"119","c","SS","200","Low","Simple","e=0.09 (XL)",0.365001083100734
"120","b","SS","200","Low","Simple","e=0.09 (XL)",0.487100802164497
"121","a","BS","300","Low","Correct","e=0.09 (XL)",0.202928292386397
"122","c","BS","300","Low","Correct","e=0.09 (XL)",0.0235495078343693
"123","b","BS","300","Low","Correct","e=0.09 (XL)",0.524973545573954
"124","a","RS","300","Low","Correct","e=0.09 (XL)",0.393628871112369
"125","c","RS","300","Low","Correct","e=0.09 (XL)",-0.0291960369361407
"126","b","RS","300","Low","Correct","e=0.09 (XL)",0.822405963374452
"127","a","ILV","300","Low","Correct","e=0.09 (XL)",0.298221614642234
"128","c","ILV","300","Low","Correct","e=0.09 (XL)",0.00403991187670311
"129","b","ILV","300","Low","Correct","e=0.09 (XL)",0.694860958387187
"130","a","SEM","300","Low","Correct","e=0.09 (XL)",0.298400476102054
"131","c","SEM","300","Low","Correct","e=0.09 (XL)",-0.000160928981000742
"132","b","SEM","300","Low","Correct","e=0.09 (XL)",0.699051580237847
"133","a","SS","300","Low","Correct","e=0.09 (XL)",0.700331364107111
"134","c","SS","300","Low","Correct","e=0.09 (XL)",0.240364375101576
"135","b","SS","300","Low","Correct","e=0.09 (XL)",0.667639810392868
"136","a","BS","300","Low","Simple","e=0.09 (XL)",0.620826883393946
"137","c","BS","300","Low","Simple","e=0.09 (XL)",0.481338916259576
"138","b","BS","300","Low","Simple","e=0.09 (XL)",0.399501731639174
"139","a","RS","300","Low","Simple","e=0.09 (XL)",0.84281840855924
"140","c","RS","300","Low","Simple","e=0.09 (XL)",0.663292224554125
"141","b","RS","300","Low","Simple","e=0.09 (XL)",0.342765508421818
"142","a","ILV","300","Low","Simple","e=0.09 (XL)",0.74896538503559
"143","c","ILV","300","Low","Simple","e=0.09 (XL)",0.601594924037027
"144","b","ILV","300","Low","Simple","e=0.09 (XL)",0.370212861801284
"145","a","SEM","300","Low","Simple","e=0.09 (XL)",0.753176410096432
"146","c","SEM","300","Low","Simple","e=0.09 (XL)",0.608125637372933
"147","b","SEM","300","Low","Simple","e=0.09 (XL)",0.368322214158682
"148","a","SS","300","Low","Simple","e=0.09 (XL)",0.521383909900804
"149","c","SS","300","Low","Simple","e=0.09 (XL)",0.365946492178736
"150","b","SS","300","Low","Simple","e=0.09 (XL)",0.484653098395517
"151","a","BS","400","Low","Correct","e=0.09 (XL)",0.204344068383311
"152","c","BS","400","Low","Correct","e=0.09 (XL)",0.0228089069444257
"153","b","BS","400","Low","Correct","e=0.09 (XL)",0.523754729533138
"154","a","RS","400","Low","Correct","e=0.09 (XL)",0.397686940283303
"155","c","RS","400","Low","Correct","e=0.09 (XL)",-0.0311376617858541
"156","b","RS","400","Low","Correct","e=0.09 (XL)",0.823492723482558
"157","a","ILV","400","Low","Correct","e=0.09 (XL)",0.300638904812344
"158","c","ILV","400","Low","Correct","e=0.09 (XL)",0.00169491984457992
"159","b","ILV","400","Low","Correct","e=0.09 (XL)",0.69585129806933
"160","a","SEM","400","Low","Correct","e=0.09 (XL)",0.301066455954353
"161","c","SEM","400","Low","Correct","e=0.09 (XL)",-0.00143728184836978
"162","b","SEM","400","Low","Correct","e=0.09 (XL)",0.699006623242838
"163","a","SS","400","Low","Correct","e=0.09 (XL)",0.701808471659584
"164","c","SS","400","Low","Correct","e=0.09 (XL)",0.239945806541765
"165","b","SS","400","Low","Correct","e=0.09 (XL)",0.668394229125923
"166","a","BS","400","Low","Simple","e=0.09 (XL)",0.621363734650774
"167","c","BS","400","Low","Simple","e=0.09 (XL)",0.480076460249594
"168","b","BS","400","Low","Simple","e=0.09 (XL)",0.400810854274466
"169","a","RS","400","Low","Simple","e=0.09 (XL)",0.8445726759041
"170","c","RS","400","Low","Simple","e=0.09 (XL)",0.660860265768313
"171","b","RS","400","Low","Simple","e=0.09 (XL)",0.346022072512851
"172","a","ILV","400","Low","Simple","e=0.09 (XL)",0.751149691074178
"173","c","ILV","400","Low","Simple","e=0.09 (XL)",0.601135245484782
"174","b","ILV","400","Low","Simple","e=0.09 (XL)",0.37269824220918
"175","a","SEM","400","Low","Simple","e=0.09 (XL)",0.754152537939017
"176","c","SEM","400","Low","Simple","e=0.09 (XL)",0.605514574286464
"177","b","SEM","400","Low","Simple","e=0.09 (XL)",0.371165572781706
"178","a","SS","400","Low","Simple","e=0.09 (XL)",0.522540191318107
"179","c","SS","400","Low","Simple","e=0.09 (XL)",0.365037649711533
"180","b","SS","400","Low","Simple","e=0.09 (XL)",0.486198470272605
"181","a","BS","30","Low","Correct","e=0.03 (XL)",0.241603964276506
"182","c","BS","30","Low","Correct","e=0.03 (XL)",0.0363567215591458
"183","b","BS","30","Low","Correct","e=0.03 (XL)",0.541022421653871
"184","a","RS","30","Low","Correct","e=0.03 (XL)",0.357465296796938
"185","c","RS","30","Low","Correct","e=0.03 (XL)",-0.0172008123510741
"186","b","RS","30","Low","Correct","e=0.03 (XL)",0.741108460579528
"187","a","ILV","30","Low","Correct","e=0.03 (XL)",0.292995500383792
"188","c","ILV","30","Low","Correct","e=0.03 (XL)",0.054452229117071
"189","b","ILV","30","Low","Correct","e=0.03 (XL)",0.572727489848818
"190","a","SEM","30","Low","Correct","e=0.03 (XL)",0.3054807883813
"191","c","SEM","30","Low","Correct","e=0.03 (XL)",0.0127426547775432
"192","b","SEM","30","Low","Correct","e=0.03 (XL)",0.660999574663962
"193","a","SS","30","Low","Correct","e=0.03 (XL)",0.643761590770718
"194","c","SS","30","Low","Correct","e=0.03 (XL)",0.14003494701735
"195","b","SS","30","Low","Correct","e=0.03 (XL)",0.63524212844209
"196","a","BS","30","Low","Simple","e=0.03 (XL)",0.342751071323594
"197","c","BS","30","Low","Simple","e=0.03 (XL)",0.130011520148341
"198","b","BS","30","Low","Simple","e=0.03 (XL)",0.546071236675752
"199","a","RS","30","Low","Simple","e=0.03 (XL)",0.48296322799947
"200","c","RS","30","Low","Simple","e=0.03 (XL)",0.0662059224260955
"201","b","RS","30","Low","Simple","e=0.03 (XL)",0.768346227383567
"202","a","ILV","30","Low","Simple","e=0.03 (XL)",0.380392653732422
"203","c","ILV","30","Low","Simple","e=0.03 (XL)",0.11841798597896
"204","b","ILV","30","Low","Simple","e=0.03 (XL)",0.635251076104396
"205","a","SEM","30","Low","Simple","e=0.03 (XL)",0.420592440317093
"206","c","SEM","30","Low","Simple","e=0.03 (XL)",0.0958497408242566
"207","b","SEM","30","Low","Simple","e=0.03 (XL)",0.705806617057068
"208","a","SS","30","Low","Simple","e=0.03 (XL)",0.333913528667039
"209","c","SS","30","Low","Simple","e=0.03 (XL)",0.13098496809762
"210","b","SS","30","Low","Simple","e=0.03 (XL)",0.536406388728258
"211","a","BS","60","Low","Correct","e=0.03 (XL)",0.201023945200182
"212","c","BS","60","Low","Correct","e=0.03 (XL)",0.0249601779469986
"213","b","BS","60","Low","Correct","e=0.03 (XL)",0.528704963263029
"214","a","RS","60","Low","Correct","e=0.03 (XL)",0.363907821188546
"215","c","RS","60","Low","Correct","e=0.03 (XL)",-0.028060444390441
"216","b","RS","60","Low","Correct","e=0.03 (XL)",0.79290626600685
"217","a","ILV","60","Low","Correct","e=0.03 (XL)",0.280728186709867
"218","c","ILV","60","Low","Correct","e=0.03 (XL)",0.0277751272174938
"219","b","ILV","60","Low","Correct","e=0.03 (XL)",0.633209996545406
"220","a","SEM","60","Low","Correct","e=0.03 (XL)",0.284973737803297
"221","c","SEM","60","Low","Correct","e=0.03 (XL)",-0.00184729752336228
"222","b","SEM","60","Low","Correct","e=0.03 (XL)",0.68959447096022
"223","a","SS","60","Low","Correct","e=0.03 (XL)",0.61591502685406
"224","c","SS","60","Low","Correct","e=0.03 (XL)",0.138769277588685
"225","b","SS","60","Low","Correct","e=0.03 (XL)",0.635074091245058
"226","a","BS","60","Low","Simple","e=0.03 (XL)",0.316259434517917
"227","c","BS","60","Low","Simple","e=0.03 (XL)",0.134745240142283
"228","b","BS","60","Low","Simple","e=0.03 (XL)",0.552254776011098
"229","a","RS","60","Low","Simple","e=0.03 (XL)",0.501000513522013
"230","c","RS","60","Low","Simple","e=0.03 (XL)",0.0741428905488465
"231","b","RS","60","Low","Simple","e=0.03 (XL)",0.81994898130191
"232","a","ILV","60","Low","Simple","e=0.03 (XL)",0.390151093009146
"233","c","ILV","60","Low","Simple","e=0.03 (XL)",0.111384568068494
"234","b","ILV","60","Low","Simple","e=0.03 (XL)",0.68315256491741
"235","a","SEM","60","Low","Simple","e=0.03 (XL)",0.410457800851951
"236","c","SEM","60","Low","Simple","e=0.03 (XL)",0.101995372891914
"237","b","SEM","60","Low","Simple","e=0.03 (XL)",0.728258205855016
"238","a","SS","60","Low","Simple","e=0.03 (XL)",0.301156987049239
"239","c","SS","60","Low","Simple","e=0.03 (XL)",0.128294711541493
"240","b","SS","60","Low","Simple","e=0.03 (XL)",0.527045133315668
"241","a","BS","100","Low","Correct","e=0.03 (XL)",0.198760321212561
"242","c","BS","100","Low","Correct","e=0.03 (XL)",0.024457195271489
"243","b","BS","100","Low","Correct","e=0.03 (XL)",0.514231794061946
"244","a","RS","100","Low","Correct","e=0.03 (XL)",0.388686923130052
"245","c","RS","100","Low","Correct","e=0.03 (XL)",-0.0414589045372866
"246","b","RS","100","Low","Correct","e=0.03 (XL)",0.827280733541943
"247","a","ILV","100","Low","Correct","e=0.03 (XL)",0.290168132510649
"248","c","ILV","100","Low","Correct","e=0.03 (XL)",0.011624909069519
"249","b","ILV","100","Low","Correct","e=0.03 (XL)",0.670661849336158
"250","a","SEM","100","Low","Correct","e=0.03 (XL)",0.295219114603118
"251","c","SEM","100","Low","Correct","e=0.03 (XL)",-0.00820491841435711
"252","b","SEM","100","Low","Correct","e=0.03 (XL)",0.702513967189546
"253","a","SS","100","Low","Correct","e=0.03 (XL)",0.615928146099732
"254","c","SS","100","Low","Correct","e=0.03 (XL)",0.139792657999992
"255","b","SS","100","Low","Correct","e=0.03 (XL)",0.633902410330538
"256","a","BS","100","Low","Simple","e=0.03 (XL)",0.314885083851992
"257","c","BS","100","Low","Simple","e=0.03 (XL)",0.135219087010702
"258","b","BS","100","Low","Simple","e=0.03 (XL)",0.555275845183147
"259","a","RS","100","Low","Simple","e=0.03 (XL)",0.51633463681773
"260","c","RS","100","Low","Simple","e=0.03 (XL)",0.0700435164655066
"261","b","RS","100","Low","Simple","e=0.03 (XL)",0.840655822316835
"262","a","ILV","100","Low","Simple","e=0.03 (XL)",0.403939132211962
"263","c","ILV","100","Low","Simple","e=0.03 (XL)",0.106447096550598
"264","b","ILV","100","Low","Simple","e=0.03 (XL)",0.71245738965073
"265","a","SEM","100","Low","Simple","e=0.03 (XL)",0.416707765061528
"266","c","SEM","100","Low","Simple","e=0.03 (XL)",0.0996079509005471
"267","b","SEM","100","Low","Simple","e=0.03 (XL)",0.739168760175128
"268","a","SS","100","Low","Simple","e=0.03 (XL)",0.301108057340818
"269","c","SS","100","Low","Simple","e=0.03 (XL)",0.129654691903666
"270","b","SS","100","Low","Simple","e=0.03 (XL)",0.528457333703378
"271","a","BS","200","Low","Correct","e=0.03 (XL)",0.192334297124131
"272","c","BS","200","Low","Correct","e=0.03 (XL)",0.0320484757406728
"273","b","BS","200","Low","Correct","e=0.03 (XL)",0.496111096495182
"274","a","RS","200","Low","Correct","e=0.03 (XL)",0.394353447041745
"275","c","RS","200","Low","Correct","e=0.03 (XL)",-0.0355255963944276
"276","b","RS","200","Low","Correct","e=0.03 (XL)",0.838635417307184
"277","a","ILV","200","Low","Correct","e=0.03 (XL)",0.290425115833463
"278","c","ILV","200","Low","Correct","e=0.03 (XL)",0.00875263613155588
"279","b","ILV","200","Low","Correct","e=0.03 (XL)",0.690862341248368
"280","a","SEM","200","Low","Correct","e=0.03 (XL)",0.293561087333476
"281","c","SEM","200","Low","Correct","e=0.03 (XL)",-0.000313679038173153
"282","b","SEM","200","Low","Correct","e=0.03 (XL)",0.702729849978682
"283","a","SS","200","Low","Correct","e=0.03 (XL)",0.614717597665341
"284","c","SS","200","Low","Correct","e=0.03 (XL)",0.140312922407502
"285","b","SS","200","Low","Correct","e=0.03 (XL)",0.637754650809509
"286","a","BS","200","Low","Simple","e=0.03 (XL)",0.311672175519338
"287","c","BS","200","Low","Simple","e=0.03 (XL)",0.138220681629544
"288","b","BS","200","Low","Simple","e=0.03 (XL)",0.555628389139116
"289","a","RS","200","Low","Simple","e=0.03 (XL)",0.521565211044145
"290","c","RS","200","Low","Simple","e=0.03 (XL)",0.0786487307256127
"291","b","RS","200","Low","Simple","e=0.03 (XL)",0.842892220062054
"292","a","ILV","200","Low","Simple","e=0.03 (XL)",0.410027000390896
"293","c","ILV","200","Low","Simple","e=0.03 (XL)",0.108678918699468
"294","b","ILV","200","Low","Simple","e=0.03 (XL)",0.72767869180932
"295","a","SEM","200","Low","Simple","e=0.03 (XL)",0.41603305293943
"296","c","SEM","200","Low","Simple","e=0.03 (XL)",0.107451138940079
"297","b","SEM","200","Low","Simple","e=0.03 (XL)",0.738983690254627
"298","a","SS","200","Low","Simple","e=0.03 (XL)",0.299386844364027
"299","c","SS","200","Low","Simple","e=0.03 (XL)",0.133951312285247
"300","b","SS","200","Low","Simple","e=0.03 (XL)",0.530379405479122
"301","a","BS","300","Low","Correct","e=0.03 (XL)",0.192533561647332
"302","c","BS","300","Low","Correct","e=0.03 (XL)",0.0344589453344098
"303","b","BS","300","Low","Correct","e=0.03 (XL)",0.488434607985253
"304","a","RS","300","Low","Correct","e=0.03 (XL)",0.399948648473521
"305","c","RS","300","Low","Correct","e=0.03 (XL)",-0.0336894521343089
"306","b","RS","300","Low","Correct","e=0.03 (XL)",0.838294692099931
"307","a","ILV","300","Low","Correct","e=0.03 (XL)",0.293997653364805
"308","c","ILV","300","Low","Correct","e=0.03 (XL)",0.00803498757706363
"309","b","ILV","300","Low","Correct","e=0.03 (XL)",0.69210393858527
"310","a","SEM","300","Low","Correct","e=0.03 (XL)",0.296201001220933
"311","c","SEM","300","Low","Correct","e=0.03 (XL)",0.00222013969387614
"312","b","SEM","300","Low","Correct","e=0.03 (XL)",0.699003382519163
"313","a","SS","300","Low","Correct","e=0.03 (XL)",0.616787024023727
"314","c","SS","300","Low","Correct","e=0.03 (XL)",0.14185296287341
"315","b","SS","300","Low","Correct","e=0.03 (XL)",0.634940946979502
"316","a","BS","300","Low","Simple","e=0.03 (XL)",0.313279360779137
"317","c","BS","300","Low","Simple","e=0.03 (XL)",0.138873673253925
"318","b","BS","300","Low","Simple","e=0.03 (XL)",0.552448159596775
"319","a","RS","300","Low","Simple","e=0.03 (XL)",0.527053596525491
"320","c","RS","300","Low","Simple","e=0.03 (XL)",0.0796553137117557
"321","b","RS","300","Low","Simple","e=0.03 (XL)",0.840881114553506
"322","a","ILV","300","Low","Simple","e=0.03 (XL)",0.414714611080546
"323","c","ILV","300","Low","Simple","e=0.03 (XL)",0.110069619078286
"324","b","ILV","300","Low","Simple","e=0.03 (XL)",0.727707739148082
"325","a","SEM","300","Low","Simple","e=0.03 (XL)",0.419379804613796
"326","c","SEM","300","Low","Simple","e=0.03 (XL)",0.108835562952232
"327","b","SEM","300","Low","Simple","e=0.03 (XL)",0.735211570989726
"328","a","SS","300","Low","Simple","e=0.03 (XL)",0.301645645871172
"329","c","SS","300","Low","Simple","e=0.03 (XL)",0.133889245566439
"330","b","SS","300","Low","Simple","e=0.03 (XL)",0.528064702645954
"331","a","BS","400","Low","Correct","e=0.03 (XL)",0.194156639294277
"332","c","BS","400","Low","Correct","e=0.03 (XL)",0.0335499660718995
"333","b","BS","400","Low","Correct","e=0.03 (XL)",0.488222476759409
"334","a","RS","400","Low","Correct","e=0.03 (XL)",0.405426297615381
"335","c","RS","400","Low","Correct","e=0.03 (XL)",-0.0363124328014489
"336","b","RS","400","Low","Correct","e=0.03 (XL)",0.841987838039687
"337","a","ILV","400","Low","Correct","e=0.03 (XL)",0.297337503545337
"338","c","ILV","400","Low","Correct","e=0.03 (XL)",0.0045118575576031
"339","b","ILV","400","Low","Correct","e=0.03 (XL)",0.696347134978561
"340","a","SEM","400","Low","Correct","e=0.03 (XL)",0.299546551554672
"341","c","SEM","400","Low","Correct","e=0.03 (XL)",0.000461365935457491
"342","b","SEM","400","Low","Correct","e=0.03 (XL)",0.701447999837459
"343","a","SS","400","Low","Correct","e=0.03 (XL)",0.619310165051403
"344","c","SS","400","Low","Correct","e=0.03 (XL)",0.141518576442754
"345","b","SS","400","Low","Correct","e=0.03 (XL)",0.635959250474814
"346","a","BS","400","Low","Simple","e=0.03 (XL)",0.313833744847355
"347","c","BS","400","Low","Simple","e=0.03 (XL)",0.13844186781727
"348","b","BS","400","Low","Simple","e=0.03 (XL)",0.553302053123894
"349","a","RS","400","Low","Simple","e=0.03 (XL)",0.530749249075629
"350","c","RS","400","Low","Simple","e=0.03 (XL)",0.0791575479759836
"351","b","RS","400","Low","Simple","e=0.03 (XL)",0.841896180347354
"352","a","ILV","400","Low","Simple","e=0.03 (XL)",0.418120356844066
"353","c","ILV","400","Low","Simple","e=0.03 (XL)",0.109228384573816
"354","b","ILV","400","Low","Simple","e=0.03 (XL)",0.730577975129328
"355","a","SEM","400","Low","Simple","e=0.03 (XL)",0.421308939440147
"356","c","SEM","400","Low","Simple","e=0.03 (XL)",0.108529357369084
"357","b","SEM","400","Low","Simple","e=0.03 (XL)",0.736008002990014
"358","a","SS","400","Low","Simple","e=0.03 (XL)",0.304643764176411
"359","c","SS","400","Low","Simple","e=0.03 (XL)",0.133655558198856
"360","b","SS","400","Low","Simple","e=0.03 (XL)",0.528718204387402
"361","a","BS","30","Low","Correct","e=0",0.242102332456458
"362","c","BS","30","Low","Correct","e=0",0.0435446569800884
"363","b","BS","30","Low","Correct","e=0",0.503437621097246
"364","a","RS","30","Low","Correct","e=0",0.350768341499199
"365","c","RS","30","Low","Correct","e=0",-0.0370789472622568
"366","b","RS","30","Low","Correct","e=0",0.75206663017563
"367","a","ILV","30","Low","Correct","e=0",0.278957703476062
"368","c","ILV","30","Low","Correct","e=0",0.0301345789143043
"369","b","ILV","30","Low","Correct","e=0",0.602683951637755
"370","a","SEM","30","Low","Correct","e=0",0.304664209165133
"371","c","SEM","30","Low","Correct","e=0",-0.00547679983341983
"372","b","SEM","30","Low","Correct","e=0",0.678026231095274
"373","a","SS","30","Low","Correct","e=0",0.242528522852966
"374","c","SS","30","Low","Correct","e=0",0.0515936784102041
"375","b","SS","30","Low","Correct","e=0",0.51297552974736
"376","a","BS","30","Low","Simple","e=0",0.242102332456458
"377","c","BS","30","Low","Simple","e=0",0.0435446569800884
"378","b","BS","30","Low","Simple","e=0",0.503437621097246
"379","a","RS","30","Low","Simple","e=0",0.350768341499199
"380","c","RS","30","Low","Simple","e=0",-0.0370789472622568
"381","b","RS","30","Low","Simple","e=0",0.75206663017563
"382","a","ILV","30","Low","Simple","e=0",0.278957703476062
"383","c","ILV","30","Low","Simple","e=0",0.0301345789143043
"384","b","ILV","30","Low","Simple","e=0",0.602683951637755
"385","a","SEM","30","Low","Simple","e=0",0.304664209165133
"386","c","SEM","30","Low","Simple","e=0",-0.00547679983341983
"387","b","SEM","30","Low","Simple","e=0",0.678026231095274
"388","a","SS","30","Low","Simple","e=0",0.242528522852966
"389","c","SS","30","Low","Simple","e=0",0.0515936784102041
"390","b","SS","30","Low","Simple","e=0",0.51297552974736
"391","a","BS","60","Low","Correct","e=0",0.222381173597547
"392","c","BS","60","Low","Correct","e=0",0.0432989233426816
"393","b","BS","60","Low","Correct","e=0",0.503084212399509
"394","a","RS","60","Low","Correct","e=0",0.358428574076984
"395","c","RS","60","Low","Correct","e=0",-0.040790226671456
"396","b","RS","60","Low","Correct","e=0",0.809632303436106
"397","a","ILV","60","Low","Correct","e=0",0.277549169658263
"398","c","ILV","60","Low","Correct","e=0",0.0144961862298844
"399","b","ILV","60","Low","Correct","e=0",0.650984408679515
"400","a","SEM","60","Low","Correct","e=0",0.29552121238169
"401","c","SEM","60","Low","Correct","e=0",-0.00280288351417439
"402","b","SEM","60","Low","Correct","e=0",0.700125663897995
"403","a","SS","60","Low","Correct","e=0",0.216069744562898
"404","c","SS","60","Low","Correct","e=0",0.0472431716754688
"405","b","SS","60","Low","Correct","e=0",0.489735505670025
"406","a","BS","60","Low","Simple","e=0",0.222381173597547
"407","c","BS","60","Low","Simple","e=0",0.0432989233426816
"408","b","BS","60","Low","Simple","e=0",0.503084212399509
"409","a","RS","60","Low","Simple","e=0",0.358428574076984
"410","c","RS","60","Low","Simple","e=0",-0.040790226671456
"411","b","RS","60","Low","Simple","e=0",0.809632303436106
"412","a","ILV","60","Low","Simple","e=0",0.277549169658263
"413","c","ILV","60","Low","Simple","e=0",0.0144961862298844
"414","b","ILV","60","Low","Simple","e=0",0.650984408679515
"415","a","SEM","60","Low","Simple","e=0",0.29552121238169
"416","c","SEM","60","Low","Simple","e=0",-0.00280288351417439
"417","b","SEM","60","Low","Simple","e=0",0.700125663897995
"418","a","SS","60","Low","Simple","e=0",0.216069744562898
"419","c","SS","60","Low","Simple","e=0",0.0472431716754688
"420","b","SS","60","Low","Simple","e=0",0.489735505670025
"421","a","BS","100","Low","Correct","e=0",0.223153221882186
"422","c","BS","100","Low","Correct","e=0",0.043092917623402
"423","b","BS","100","Low","Correct","e=0",0.508848541832178
"424","a","RS","100","Low","Correct","e=0",0.372482008962717
"425","c","RS","100","Low","Correct","e=0",-0.0419602041215606
"426","b","RS","100","Low","Correct","e=0",0.8315370247873
"427","a","ILV","100","Low","Correct","e=0",0.287812147370068
"428","c","ILV","100","Low","Correct","e=0",0.00466688502339167
"429","b","ILV","100","Low","Correct","e=0",0.677901097163518
"430","a","SEM","100","Low","Correct","e=0",0.299354943575921
"431","c","SEM","100","Low","Correct","e=0",-0.00280186918229678
"432","b","SEM","100","Low","Correct","e=0",0.70473399717737
"433","a","SS","100","Low","Correct","e=0",0.215799863918301
"434","c","SS","100","Low","Correct","e=0",0.0463258941306876
"435","b","SS","100","Low","Correct","e=0",0.492467321305066
"436","a","BS","100","Low","Simple","e=0",0.223153221882186
"437","c","BS","100","Low","Simple","e=0",0.043092917623402
"438","b","BS","100","Low","Simple","e=0",0.508848541832178
"439","a","RS","100","Low","Simple","e=0",0.372482008962717
"440","c","RS","100","Low","Simple","e=0",-0.0419602041215606
"441","b","RS","100","Low","Simple","e=0",0.8315370247873
"442","a","ILV","100","Low","Simple","e=0",0.287812147370068
"443","c","ILV","100","Low","Simple","e=0",0.00466688502339167
"444","b","ILV","100","Low","Simple","e=0",0.677901097163518
"445","a","SEM","100","Low","Simple","e=0",0.299354943575921
"446","c","SEM","100","Low","Simple","e=0",-0.00280186918229678
"447","b","SEM","100","Low","Simple","e=0",0.70473399717737
"448","a","SS","100","Low","Simple","e=0",0.215799863918301
"449","c","SS","100","Low","Simple","e=0",0.0463258941306876
"450","b","SS","100","Low","Simple","e=0",0.492467321305066
"451","a","BS","200","Low","Correct","e=0",0.22031568425847
"452","c","BS","200","Low","Correct","e=0",0.0441562583321492
"453","b","BS","200","Low","Correct","e=0",0.50469754037121
"454","a","RS","200","Low","Correct","e=0",0.375848332077524
"455","c","RS","200","Low","Correct","e=0",-0.039920123102713
"456","b","RS","200","Low","Correct","e=0",0.834004333817594
"457","a","ILV","200","Low","Correct","e=0",0.293338602539582
"458","c","ILV","200","Low","Correct","e=0",0.00331919651612426
"459","b","ILV","200","Low","Correct","e=0",0.689349610001636
"460","a","SEM","200","Low","Correct","e=0",0.298845690619707
"461","c","SEM","200","Low","Correct","e=0",-1.16325930021261e-05
"462","b","SEM","200","Low","Correct","e=0",0.701879958402841
"463","a","SS","200","Low","Correct","e=0",0.21386930140409
"464","c","SS","200","Low","Correct","e=0",0.0455598333673788
"465","b","SS","200","Low","Correct","e=0",0.491180786135447
"466","a","BS","200","Low","Simple","e=0",0.22031568425847
"467","c","BS","200","Low","Simple","e=0",0.0441562583321492
"468","b","BS","200","Low","Simple","e=0",0.50469754037121
"469","a","RS","200","Low","Simple","e=0",0.375848332077524
"470","c","RS","200","Low","Simple","e=0",-0.039920123102713
"471","b","RS","200","Low","Simple","e=0",0.834004333817594
"472","a","ILV","200","Low","Simple","e=0",0.293338602539582
"473","c","ILV","200","Low","Simple","e=0",0.00331919651612426
"474","b","ILV","200","Low","Simple","e=0",0.689349610001636
"475","a","SEM","200","Low","Simple","e=0",0.298845690619707
"476","c","SEM","200","Low","Simple","e=0",-1.16325930021261e-05
"477","b","SEM","200","Low","Simple","e=0",0.701879958402841
"478","a","SS","200","Low","Simple","e=0",0.21386930140409
"479","c","SS","200","Low","Simple","e=0",0.0455598333673788
"480","b","SS","200","Low","Simple","e=0",0.491180786135447
"481","a","BS","300","Low","Correct","e=0",0.219889196574592
"482","c","BS","300","Low","Correct","e=0",0.0436464463943067
"483","b","BS","300","Low","Correct","e=0",0.503018018664342
"484","a","RS","300","Low","Correct","e=0",0.378014048663697
"485","c","RS","300","Low","Correct","e=0",-0.0402449574033505
"486","b","RS","300","Low","Correct","e=0",0.834070441222854
"487","a","ILV","300","Low","Correct","e=0",0.295988605437626
"488","c","ILV","300","Low","Correct","e=0",0.00191937902298145
"489","b","ILV","300","Low","Correct","e=0",0.692403442204021
"490","a","SEM","300","Low","Correct","e=0",0.299470459109777
"491","c","SEM","300","Low","Correct","e=0",-8.27475445296063e-05
"492","b","SEM","300","Low","Correct","e=0",0.700318531860513
"493","a","SS","300","Low","Correct","e=0",0.215129192867059
"494","c","SS","300","Low","Correct","e=0",0.0449144648066213
"495","b","SS","300","Low","Correct","e=0",0.490774312697497
"496","a","BS","300","Low","Simple","e=0",0.219889196574592
"497","c","BS","300","Low","Simple","e=0",0.0436464463943067
"498","b","BS","300","Low","Simple","e=0",0.503018018664342
"499","a","RS","300","Low","Simple","e=0",0.378014048663697
"500","c","RS","300","Low","Simple","e=0",-0.0402449574033505
"501","b","RS","300","Low","Simple","e=0",0.834070441222854
"502","a","ILV","300","Low","Simple","e=0",0.295988605437626
"503","c","ILV","300","Low","Simple","e=0",0.00191937902298145
"504","b","ILV","300","Low","Simple","e=0",0.692403442204021
"505","a","SEM","300","Low","Simple","e=0",0.299470459109777
"506","c","SEM","300","Low","Simple","e=0",-8.27475445296063e-05
"507","b","SEM","300","Low","Simple","e=0",0.700318531860513
"508","a","SS","300","Low","Simple","e=0",0.215129192867059
"509","c","SS","300","Low","Simple","e=0",0.0449144648066213
"510","b","SS","300","Low","Simple","e=0",0.490774312697497
"511","a","BS","400","Low","Correct","e=0",0.219371182494504
"512","c","BS","400","Low","Correct","e=0",0.0434509161114429
"513","b","BS","400","Low","Correct","e=0",0.502341539332786
"514","a","RS","400","Low","Correct","e=0",0.378233657955475
"515","c","RS","400","Low","Correct","e=0",-0.041013522273787
"516","b","RS","400","Low","Correct","e=0",0.835416961677127
"517","a","ILV","400","Low","Correct","e=0",0.296846806289143
"518","c","ILV","400","Low","Correct","e=0",0.000609161470720292
"519","b","ILV","400","Low","Correct","e=0",0.695074378117167
"520","a","SEM","400","Low","Correct","e=0",0.299251358567303
"521","c","SEM","400","Low","Correct","e=0",-0.000453430542504656
"522","b","SEM","400","Low","Correct","e=0",0.700572549930431
"523","a","SS","400","Low","Correct","e=0",0.214091297741125
"524","c","SS","400","Low","Correct","e=0",0.0447751480473741
"525","b","SS","400","Low","Correct","e=0",0.491482343543477
"526","a","BS","400","Low","Simple","e=0",0.219371182494504
"527","c","BS","400","Low","Simple","e=0",0.0434509161114429
"528","b","BS","400","Low","Simple","e=0",0.502341539332786
"529","a","RS","400","Low","Simple","e=0",0.378233657955475
"530","c","RS","400","Low","Simple","e=0",-0.041013522273787
"531","b","RS","400","Low","Simple","e=0",0.835416961677127
"532","a","ILV","400","Low","Simple","e=0",0.296846806289143
"533","c","ILV","400","Low","Simple","e=0",0.000609161470720292
"534","b","ILV","400","Low","Simple","e=0",0.695074378117167
"535","a","SEM","400","Low","Simple","e=0",0.299251358567303
"536","c","SEM","400","Low","Simple","e=0",-0.000453430542504656
"537","b","SEM","400","Low","Simple","e=0",0.700572549930431
"538","a","SS","400","Low","Simple","e=0",0.214091297741125
"539","c","SS","400","Low","Simple","e=0",0.0447751480473741
"540","b","SS","400","Low","Simple","e=0",0.491482343543477
"541","a","BS","30","Low","Correct","e=0.03 (RC)",0.270272703997088
"542","c","BS","30","Low","Correct","e=0.03 (RC)",0.071023875581438
"543","b","BS","30","Low","Correct","e=0.03 (RC)",0.539929246346587
"544","a","RS","30","Low","Correct","e=0.03 (RC)",0.370452184893792
"545","c","RS","30","Low","Correct","e=0.03 (RC)",0.00515729548058859
"546","b","RS","30","Low","Correct","e=0.03 (RC)",0.758027023026101
"547","a","ILV","30","Low","Correct","e=0.03 (RC)",0.285851628295002
"548","c","ILV","30","Low","Correct","e=0.03 (RC)",0.0571933975272221
"549","b","ILV","30","Low","Correct","e=0.03 (RC)",0.59953583664266
"550","a","SEM","30","Low","Correct","e=0.03 (RC)",0.332676964050049
"551","c","SEM","30","Low","Correct","e=0.03 (RC)",0.033947576515579
"552","b","SEM","30","Low","Correct","e=0.03 (RC)",0.688960076882332
"553","a","SS","30","Low","Correct","e=0.03 (RC)",0.260864444220444
"554","c","SS","30","Low","Correct","e=0.03 (RC)",0.0723490394988437
"555","b","SS","30","Low","Correct","e=0.03 (RC)",0.523679321758899
"556","a","BS","30","Low","Simple","e=0.03 (RC)",0.254978727562967
"557","c","BS","30","Low","Simple","e=0.03 (RC)",0.0671652922360179
"558","b","BS","30","Low","Simple","e=0.03 (RC)",0.524593432718872
"559","a","RS","30","Low","Simple","e=0.03 (RC)",0.359699867972316
"560","c","RS","30","Low","Simple","e=0.03 (RC)",0.0156793504142793
"561","b","RS","30","Low","Simple","e=0.03 (RC)",0.738352555779925
"562","a","ILV","30","Low","Simple","e=0.03 (RC)",0.292012706329212
"563","c","ILV","30","Low","Simple","e=0.03 (RC)",0.0515372032335551
"564","b","ILV","30","Low","Simple","e=0.03 (RC)",0.607089792606571
"565","a","SEM","30","Low","Simple","e=0.03 (RC)",0.31751931287884
"566","c","SEM","30","Low","Simple","e=0.03 (RC)",0.0385145900541407
"567","b","SEM","30","Low","Simple","e=0.03 (RC)",0.66654856274944
"568","a","SS","30","Low","Simple","e=0.03 (RC)",0.260864444220444
"569","c","SS","30","Low","Simple","e=0.03 (RC)",0.0723490394988437
"570","b","SS","30","Low","Simple","e=0.03 (RC)",0.523679321758899
"571","a","BS","60","Low","Correct","e=0.03 (RC)",0.229383972609494
"572","c","BS","60","Low","Correct","e=0.03 (RC)",0.0456768668459194
"573","b","BS","60","Low","Correct","e=0.03 (RC)",0.506504654561037
"574","a","RS","60","Low","Correct","e=0.03 (RC)",0.35831473084454
"575","c","RS","60","Low","Correct","e=0.03 (RC)",-0.046497936186643
"576","b","RS","60","Low","Correct","e=0.03 (RC)",0.817036913936741
"577","a","ILV","60","Low","Correct","e=0.03 (RC)",0.278820829701968
"578","c","ILV","60","Low","Correct","e=0.03 (RC)",0.0174309613183665
"579","b","ILV","60","Low","Correct","e=0.03 (RC)",0.640234189047351
"580","a","SEM","60","Low","Correct","e=0.03 (RC)",0.298327647306253
"581","c","SEM","60","Low","Correct","e=0.03 (RC)",-0.00677591880673827
"582","b","SEM","60","Low","Correct","e=0.03 (RC)",0.701626540649445
"583","a","SS","60","Low","Correct","e=0.03 (RC)",0.215199718524221
"584","c","SS","60","Low","Correct","e=0.03 (RC)",0.0480730705106054
"585","b","SS","60","Low","Correct","e=0.03 (RC)",0.480866570907452
"586","a","BS","60","Low","Simple","e=0.03 (RC)",0.219301289808199
"587","c","BS","60","Low","Simple","e=0.03 (RC)",0.0452073181460678
"588","b","BS","60","Low","Simple","e=0.03 (RC)",0.491275741635679
"589","a","RS","60","Low","Simple","e=0.03 (RC)",0.336424974408831
"590","c","RS","60","Low","Simple","e=0.03 (RC)",-0.0225664535691632
"591","b","RS","60","Low","Simple","e=0.03 (RC)",0.760606407768622
"592","a","ILV","60","Low","Simple","e=0.03 (RC)",0.269706138305531
"593","c","ILV","60","Low","Simple","e=0.03 (RC)",0.0185199212473702
"594","b","ILV","60","Low","Simple","e=0.03 (RC)",0.623120543514059
"595","a","SEM","60","Low","Simple","e=0.03 (RC)",0.28086518236131
"596","c","SEM","60","Low","Simple","e=0.03 (RC)",0.009529749690119
"597","b","SEM","60","Low","Simple","e=0.03 (RC)",0.650830847351233
"598","a","SS","60","Low","Simple","e=0.03 (RC)",0.215199718524221
"599","c","SS","60","Low","Simple","e=0.03 (RC)",0.0480730705106054
"600","b","SS","60","Low","Simple","e=0.03 (RC)",0.480866570907452
"601","a","BS","100","Low","Correct","e=0.03 (RC)",0.2204311775735
"602","c","BS","100","Low","Correct","e=0.03 (RC)",0.0420523038276098
"603","b","BS","100","Low","Correct","e=0.03 (RC)",0.493516564312056
"604","a","RS","100","Low","Correct","e=0.03 (RC)",0.371904865874683
"605","c","RS","100","Low","Correct","e=0.03 (RC)",-0.0484374991487405
"606","b","RS","100","Low","Correct","e=0.03 (RC)",0.830015792195943
"607","a","ILV","100","Low","Correct","e=0.03 (RC)",0.282913823827606
"608","c","ILV","100","Low","Correct","e=0.03 (RC)",0.00410571080044882
"609","b","ILV","100","Low","Correct","e=0.03 (RC)",0.662806061013572
"610","a","SEM","100","Low","Correct","e=0.03 (RC)",0.298153334424106
"611","c","SEM","100","Low","Correct","e=0.03 (RC)",-0.00726201461156861
"612","b","SEM","100","Low","Correct","e=0.03 (RC)",0.700665117770314
"613","a","SS","100","Low","Correct","e=0.03 (RC)",0.207799078545217
"614","c","SS","100","Low","Correct","e=0.03 (RC)",0.0450146782097023
"615","b","SS","100","Low","Correct","e=0.03 (RC)",0.475688405920253
"616","a","BS","100","Low","Simple","e=0.03 (RC)",0.21278204104207
"617","c","BS","100","Low","Simple","e=0.03 (RC)",0.0423690183571716
"618","b","BS","100","Low","Simple","e=0.03 (RC)",0.48381230412738
"619","a","RS","100","Low","Simple","e=0.03 (RC)",0.341261349013231
"620","c","RS","100","Low","Simple","e=0.03 (RC)",-0.0237492940364184
"621","b","RS","100","Low","Simple","e=0.03 (RC)",0.767438350428422
"622","a","ILV","100","Low","Simple","e=0.03 (RC)",0.269118767388113
"623","c","ILV","100","Low","Simple","e=0.03 (RC)",0.0132479313665326
"624","b","ILV","100","Low","Simple","e=0.03 (RC)",0.62888030789058
"625","a","SEM","100","Low","Simple","e=0.03 (RC)",0.27801626531281
"626","c","SEM","100","Low","Simple","e=0.03 (RC)",0.00868319211619375
"627","b","SEM","100","Low","Simple","e=0.03 (RC)",0.648886436661183
"628","a","SS","100","Low","Simple","e=0.03 (RC)",0.207799078545217
"629","c","SS","100","Low","Simple","e=0.03 (RC)",0.0450146782097023
"630","b","SS","100","Low","Simple","e=0.03 (RC)",0.475688405920253
"631","a","BS","200","Low","Correct","e=0.03 (RC)",0.215093152435467
"632","c","BS","200","Low","Correct","e=0.03 (RC)",0.0455274689183682
"633","b","BS","200","Low","Correct","e=0.03 (RC)",0.489543908869838
"634","a","RS","200","Low","Correct","e=0.03 (RC)",0.378959972873668
"635","c","RS","200","Low","Correct","e=0.03 (RC)",-0.0431290014605076
"636","b","RS","200","Low","Correct","e=0.03 (RC)",0.840129257771491
"637","a","ILV","200","Low","Correct","e=0.03 (RC)",0.289567363846368
"638","c","ILV","200","Low","Correct","e=0.03 (RC)",0.00304741103440513
"639","b","ILV","200","Low","Correct","e=0.03 (RC)",0.685980051835377
"640","a","SEM","200","Low","Correct","e=0.03 (RC)",0.298046733661523
"641","c","SEM","200","Low","Correct","e=0.03 (RC)",-0.00127370333937134
"642","b","SEM","200","Low","Correct","e=0.03 (RC)",0.701899726192766
"643","a","SS","200","Low","Correct","e=0.03 (RC)",0.208818979637646
"644","c","SS","200","Low","Correct","e=0.03 (RC)",0.0467343877056242
"645","b","SS","200","Low","Correct","e=0.03 (RC)",0.477498453572058
"646","a","BS","200","Low","Simple","e=0.03 (RC)",0.211180022335767
"647","c","BS","200","Low","Simple","e=0.03 (RC)",0.0457887068491343
"648","b","BS","200","Low","Simple","e=0.03 (RC)",0.483440125059513
"649","a","RS","200","Low","Simple","e=0.03 (RC)",0.345354542624571
"650","c","RS","200","Low","Simple","e=0.03 (RC)",-0.0189840177767112
"651","b","RS","200","Low","Simple","e=0.03 (RC)",0.774321388253252
"652","a","ILV","200","Low","Simple","e=0.03 (RC)",0.274400707726627
"653","c","ILV","200","Low","Simple","e=0.03 (RC)",0.0150572154679382
"654","b","ILV","200","Low","Simple","e=0.03 (RC)",0.6413276767527
"655","a","SEM","200","Low","Simple","e=0.03 (RC)",0.27866038738258
"656","c","SEM","200","Low","Simple","e=0.03 (RC)",0.0134705134010627
"657","b","SEM","200","Low","Simple","e=0.03 (RC)",0.65029611243647
"658","a","SS","200","Low","Simple","e=0.03 (RC)",0.208818979637646
"659","c","SS","200","Low","Simple","e=0.03 (RC)",0.0467343877056242
"660","b","SS","200","Low","Simple","e=0.03 (RC)",0.477498453572058
"661","a","BS","300","Low","Correct","e=0.03 (RC)",0.214388167021929
"662","c","BS","300","Low","Correct","e=0.03 (RC)",0.045566867450159
"663","b","BS","300","Low","Correct","e=0.03 (RC)",0.485824756697674
"664","a","RS","300","Low","Correct","e=0.03 (RC)",0.384815955775442
"665","c","RS","300","Low","Correct","e=0.03 (RC)",-0.0444579305021421
"666","b","RS","300","Low","Correct","e=0.03 (RC)",0.841965280975986
"667","a","ILV","300","Low","Correct","e=0.03 (RC)",0.294947709977969
"668","c","ILV","300","Low","Correct","e=0.03 (RC)",0.00176222869904982
"669","b","ILV","300","Low","Correct","e=0.03 (RC)",0.689827200601797
"670","a","SEM","300","Low","Correct","e=0.03 (RC)",0.300310483175631
"671","c","SEM","300","Low","Correct","e=0.03 (RC)",-0.00137388790655643
"672","b","SEM","300","Low","Correct","e=0.03 (RC)",0.700310880288673
"673","a","SS","300","Low","Correct","e=0.03 (RC)",0.208435302401735
"674","c","SS","300","Low","Correct","e=0.03 (RC)",0.0465052738009845
"675","b","SS","300","Low","Correct","e=0.03 (RC)",0.476064414727393
"676","a","BS","300","Low","Simple","e=0.03 (RC)",0.211319548349568
"677","c","BS","300","Low","Simple","e=0.03 (RC)",0.0458342096891731
"678","b","BS","300","Low","Simple","e=0.03 (RC)",0.4814199863101
"679","a","RS","300","Low","Simple","e=0.03 (RC)",0.348431384758437
"680","c","RS","300","Low","Simple","e=0.03 (RC)",-0.0199869947112112
"681","b","RS","300","Low","Simple","e=0.03 (RC)",0.775560361747772
"682","a","ILV","300","Low","Simple","e=0.03 (RC)",0.277256383959862
"683","c","ILV","300","Low","Simple","e=0.03 (RC)",0.0146496417085214
"684","b","ILV","300","Low","Simple","e=0.03 (RC)",0.643151904587986
"685","a","SEM","300","Low","Simple","e=0.03 (RC)",0.280122210000297
"686","c","SEM","300","Low","Simple","e=0.03 (RC)",0.0132017434634038
"687","b","SEM","300","Low","Simple","e=0.03 (RC)",0.649640700062449
"688","a","SS","300","Low","Simple","e=0.03 (RC)",0.208435302401735
"689","c","SS","300","Low","Simple","e=0.03 (RC)",0.0465052738009845
"690","b","SS","300","Low","Simple","e=0.03 (RC)",0.476064414727393
"691","a","BS","400","Low","Correct","e=0.03 (RC)",0.210329656038887
"692","c","BS","400","Low","Correct","e=0.03 (RC)",0.043684062336854
"693","b","BS","400","Low","Correct","e=0.03 (RC)",0.487976370147669
"694","a","RS","400","Low","Correct","e=0.03 (RC)",0.379390021259995
"695","c","RS","400","Low","Correct","e=0.03 (RC)",-0.0455208838808518
"696","b","RS","400","Low","Correct","e=0.03 (RC)",0.845519921390744
"697","a","ILV","400","Low","Correct","e=0.03 (RC)",0.291858812812402
"698","c","ILV","400","Low","Correct","e=0.03 (RC)",-0.000806093524358414
"699","b","ILV","400","Low","Correct","e=0.03 (RC)",0.695870837586791
"700","a","SEM","400","Low","Correct","e=0.03 (RC)",0.295336665315814
"701","c","SEM","400","Low","Correct","e=0.03 (RC)",-0.00289038864031085
"702","b","SEM","400","Low","Correct","e=0.03 (RC)",0.703687780273031
"703","a","SS","400","Low","Correct","e=0.03 (RC)",0.205224126152611
"704","c","SS","400","Low","Correct","e=0.03 (RC)",0.0449754617173315
"705","b","SS","400","Low","Correct","e=0.03 (RC)",0.478811556565499
"706","a","BS","400","Low","Simple","e=0.03 (RC)",0.208077148244259
"707","c","BS","400","Low","Simple","e=0.03 (RC)",0.0440952907978381
"708","b","BS","400","Low","Simple","e=0.03 (RC)",0.483839217442787
"709","a","RS","400","Low","Simple","e=0.03 (RC)",0.343370753176334
"710","c","RS","400","Low","Simple","e=0.03 (RC)",-0.0212989282053508
"711","b","RS","400","Low","Simple","e=0.03 (RC)",0.778830558883031
"712","a","ILV","400","Low","Simple","e=0.03 (RC)",0.273711307477541
"713","c","ILV","400","Low","Simple","e=0.03 (RC)",0.0126802834419301
"714","b","ILV","400","Low","Simple","e=0.03 (RC)",0.647483914109537
"715","a","SEM","400","Low","Simple","e=0.03 (RC)",0.275865890176889
"716","c","SEM","400","Low","Simple","e=0.03 (RC)",0.0116096431797885
"717","b","SEM","400","Low","Simple","e=0.03 (RC)",0.652702125162367
"718","a","SS","400","Low","Simple","e=0.03 (RC)",0.205224126152611
"719","c","SS","400","Low","Simple","e=0.03 (RC)",0.0449754617173315
"720","b","SS","400","Low","Simple","e=0.03 (RC)",0.478811556565499
"721","a","BS","30","Low","Correct","e=0.09 (RC)",0.273639374439707
"722","c","BS","30","Low","Correct","e=0.09 (RC)",0.0436039666370778
"723","b","BS","30","Low","Correct","e=0.09 (RC)",0.53681732136482
"724","a","RS","30","Low","Correct","e=0.09 (RC)",0.398326315501103
"725","c","RS","30","Low","Correct","e=0.09 (RC)",-0.0585224607266832
"726","b","RS","30","Low","Correct","e=0.09 (RC)",0.815084600032651
"727","a","ILV","30","Low","Correct","e=0.09 (RC)",0.280207443622996
"728","c","ILV","30","Low","Correct","e=0.09 (RC)",0.0330071846972277
"729","b","ILV","30","Low","Correct","e=0.09 (RC)",0.56673372973431
"730","a","SEM","30","Low","Correct","e=0.09 (RC)",0.342385886905786
"731","c","SEM","30","Low","Correct","e=0.09 (RC)",-0.00866100738746608
"732","b","SEM","30","Low","Correct","e=0.09 (RC)",0.709583198779985
"733","a","SS","30","Low","Correct","e=0.09 (RC)",0.270396113837233
"734","c","SS","30","Low","Correct","e=0.09 (RC)",0.045464431896948
"735","b","SS","30","Low","Correct","e=0.09 (RC)",0.495306280384462
"736","a","BS","30","Low","Simple","e=0.09 (RC)",0.252343847895302
"737","c","BS","30","Low","Simple","e=0.09 (RC)",0.0474067187752163
"738","b","BS","30","Low","Simple","e=0.09 (RC)",0.477981394912126
"739","a","RS","30","Low","Simple","e=0.09 (RC)",0.330656627597807
"740","c","RS","30","Low","Simple","e=0.09 (RC)",-0.00311379579180665
"741","b","RS","30","Low","Simple","e=0.09 (RC)",0.646839139494793
"742","a","ILV","30","Low","Simple","e=0.09 (RC)",0.279249550707749
"743","c","ILV","30","Low","Simple","e=0.09 (RC)",0.0355635690302695
"744","b","ILV","30","Low","Simple","e=0.09 (RC)",0.538379950176526
"745","a","SEM","30","Low","Simple","e=0.09 (RC)",0.295610229385029
"746","c","SEM","30","Low","Simple","e=0.09 (RC)",0.0260039366320296
"747","b","SEM","30","Low","Simple","e=0.09 (RC)",0.570649728595405
"748","a","SS","30","Low","Simple","e=0.09 (RC)",0.270396113837233
"749","c","SS","30","Low","Simple","e=0.09 (RC)",0.045464431896948
"750","b","SS","30","Low","Simple","e=0.09 (RC)",0.495306280384462
"751","a","BS","60","Low","Correct","e=0.09 (RC)",0.229576338391344
"752","c","BS","60","Low","Correct","e=0.09 (RC)",0.0561402120863278
"753","b","BS","60","Low","Correct","e=0.09 (RC)",0.487750851309625
"754","a","RS","60","Low","Correct","e=0.09 (RC)",0.378880605143314
"755","c","RS","60","Low","Correct","e=0.09 (RC)",-0.0407243096951254
"756","b","RS","60","Low","Correct","e=0.09 (RC)",0.825688436626694
"757","a","ILV","60","Low","Correct","e=0.09 (RC)",0.27872028984566
"758","c","ILV","60","Low","Correct","e=0.09 (RC)",0.0190746152935342
"759","b","ILV","60","Low","Correct","e=0.09 (RC)",0.634298196866506
"760","a","SEM","60","Low","Correct","e=0.09 (RC)",0.307628809410784
"761","c","SEM","60","Low","Correct","e=0.09 (RC)",0.00092080795528021
"762","b","SEM","60","Low","Correct","e=0.09 (RC)",0.703117889023703
"763","a","SS","60","Low","Correct","e=0.09 (RC)",0.21540272096669
"764","c","SS","60","Low","Correct","e=0.09 (RC)",0.057292677906109
"765","b","SS","60","Low","Correct","e=0.09 (RC)",0.460786195371775
"766","a","BS","60","Low","Simple","e=0.09 (RC)",0.20177965244204
"767","c","BS","60","Low","Simple","e=0.09 (RC)",0.055359666206388
"768","b","BS","60","Low","Simple","e=0.09 (RC)",0.443679479071526
"769","a","RS","60","Low","Simple","e=0.09 (RC)",0.279383875325232
"770","c","RS","60","Low","Simple","e=0.09 (RC)",0.0240894528505291
"771","b","RS","60","Low","Simple","e=0.09 (RC)",0.627705884227306
"772","a","ILV","60","Low","Simple","e=0.09 (RC)",0.237911967797281
"773","c","ILV","60","Low","Simple","e=0.09 (RC)",0.0427493570924726
"774","b","ILV","60","Low","Simple","e=0.09 (RC)",0.533429555989491
"775","a","SEM","60","Low","Simple","e=0.09 (RC)",0.241478733038871
"776","c","SEM","60","Low","Simple","e=0.09 (RC)",0.0409759689382628
"777","b","SEM","60","Low","Simple","e=0.09 (RC)",0.543988793831502
"778","a","SS","60","Low","Simple","e=0.09 (RC)",0.21540272096669
"779","c","SS","60","Low","Simple","e=0.09 (RC)",0.057292677906109
"780","b","SS","60","Low","Simple","e=0.09 (RC)",0.460786195371775
"781","a","BS","100","Low","Correct","e=0.09 (RC)",0.209713474825556
"782","c","BS","100","Low","Correct","e=0.09 (RC)",0.0511353185941599
"783","b","BS","100","Low","Correct","e=0.09 (RC)",0.471280591017339
"784","a","RS","100","Low","Correct","e=0.09 (RC)",0.37400248037834
"785","c","RS","100","Low","Correct","e=0.09 (RC)",-0.0414478192084764
"786","b","RS","100","Low","Correct","e=0.09 (RC)",0.839450739374265
"787","a","ILV","100","Low","Correct","e=0.09 (RC)",0.276475617187912
"788","c","ILV","100","Low","Correct","e=0.09 (RC)",0.0127161414792698
"789","b","ILV","100","Low","Correct","e=0.09 (RC)",0.655232242716365
"790","a","SEM","100","Low","Correct","e=0.09 (RC)",0.294317722079496
"791","c","SEM","100","Low","Correct","e=0.09 (RC)",8.95561825185894e-05
"792","b","SEM","100","Low","Correct","e=0.09 (RC)",0.701164060637048
"793","a","SS","100","Low","Correct","e=0.09 (RC)",0.19635026324505
"794","c","SS","100","Low","Correct","e=0.09 (RC)",0.0529497539960025
"795","b","SS","100","Low","Correct","e=0.09 (RC)",0.454320512884063
"796","a","BS","100","Low","Simple","e=0.09 (RC)",0.18880435830707
"797","c","BS","100","Low","Simple","e=0.09 (RC)",0.0535932677141818
"798","b","BS","100","Low","Simple","e=0.09 (RC)",0.433565650304786
"799","a","RS","100","Low","Simple","e=0.09 (RC)",0.269530513727704
"800","c","RS","100","Low","Simple","e=0.09 (RC)",0.0245226431152837
"801","b","RS","100","Low","Simple","e=0.09 (RC)",0.629936653674869
"802","a","ILV","100","Low","Simple","e=0.09 (RC)",0.225632164472461
"803","c","ILV","100","Low","Simple","e=0.09 (RC)",0.041902817588208
"804","b","ILV","100","Low","Simple","e=0.09 (RC)",0.530097454172627
"805","a","SEM","100","Low","Simple","e=0.09 (RC)",0.229642589577546
"806","c","SEM","100","Low","Simple","e=0.09 (RC)",0.0404294483127833
"807","b","SEM","100","Low","Simple","e=0.09 (RC)",0.538813382219333
"808","a","SS","100","Low","Simple","e=0.09 (RC)",0.19635026324505
"809","c","SS","100","Low","Simple","e=0.09 (RC)",0.0529497539960025
"810","b","SS","100","Low","Simple","e=0.09 (RC)",0.454320512884063
"811","a","BS","200","Low","Correct","e=0.09 (RC)",0.203751930150587
"812","c","BS","200","Low","Correct","e=0.09 (RC)",0.046471177702355
"813","b","BS","200","Low","Correct","e=0.09 (RC)",0.46768820288015
"814","a","RS","200","Low","Correct","e=0.09 (RC)",0.38525036542032
"815","c","RS","200","Low","Correct","e=0.09 (RC)",-0.0488084815662149
"816","b","RS","200","Low","Correct","e=0.09 (RC)",0.852041990708511
"817","a","ILV","200","Low","Correct","e=0.09 (RC)",0.285958283475799
"818","c","ILV","200","Low","Correct","e=0.09 (RC)",0.00143087160710969
"819","b","ILV","200","Low","Correct","e=0.09 (RC)",0.684173039831931
"820","a","SEM","200","Low","Correct","e=0.09 (RC)",0.295748452261506
"821","c","SEM","200","Low","Correct","e=0.09 (RC)",-0.00430242674380883
"822","b","SEM","200","Low","Correct","e=0.09 (RC)",0.705007333891728
"823","a","SS","200","Low","Correct","e=0.09 (RC)",0.196598086027972
"824","c","SS","200","Low","Correct","e=0.09 (RC)",0.0479511706185164
"825","b","SS","200","Low","Correct","e=0.09 (RC)",0.45430140271532
"826","a","BS","200","Low","Simple","e=0.09 (RC)",0.189827680100575
"827","c","BS","200","Low","Simple","e=0.09 (RC)",0.0498673451330127
"828","b","BS","200","Low","Simple","e=0.09 (RC)",0.439616036575061
"829","a","RS","200","Low","Simple","e=0.09 (RC)",0.278428693209242
"830","c","RS","200","Low","Simple","e=0.09 (RC)",0.0164841241611938
"831","b","RS","200","Low","Simple","e=0.09 (RC)",0.651652405020053
"832","a","ILV","200","Low","Simple","e=0.09 (RC)",0.232194892634242
"833","c","ILV","200","Low","Simple","e=0.09 (RC)",0.0353607149805755
"834","b","ILV","200","Low","Simple","e=0.09 (RC)",0.547663245075926
"835","a","SEM","200","Low","Simple","e=0.09 (RC)",0.234224459790998
"836","c","SEM","200","Low","Simple","e=0.09 (RC)",0.0343162822078128
"837","b","SEM","200","Low","Simple","e=0.09 (RC)",0.554055683138482
"838","a","SS","200","Low","Simple","e=0.09 (RC)",0.196598086027972
"839","c","SS","200","Low","Simple","e=0.09 (RC)",0.0479511706185164
"840","b","SS","200","Low","Simple","e=0.09 (RC)",0.45430140271532
"841","a","BS","300","Low","Correct","e=0.09 (RC)",0.204967784832019
"842","c","BS","300","Low","Correct","e=0.09 (RC)",0.0466617108527896
"843","b","BS","300","Low","Correct","e=0.09 (RC)",0.464195218747917
"844","a","RS","300","Low","Correct","e=0.09 (RC)",0.394454005948157
"845","c","RS","300","Low","Correct","e=0.09 (RC)",-0.0501939728910064
"846","b","RS","300","Low","Correct","e=0.09 (RC)",0.852152849462091
"847","a","ILV","300","Low","Correct","e=0.09 (RC)",0.293537390516449
"848","c","ILV","300","Low","Correct","e=0.09 (RC)",-0.000221836940231712
"849","b","ILV","300","Low","Correct","e=0.09 (RC)",0.689124440227097
"850","a","SEM","300","Low","Correct","e=0.09 (RC)",0.300536286000708
"851","c","SEM","300","Low","Correct","e=0.09 (RC)",-0.00407592356592473
"852","b","SEM","300","Low","Correct","e=0.09 (RC)",0.702105607803698
"853","a","SS","300","Low","Correct","e=0.09 (RC)",0.199625880252751
"854","c","SS","300","Low","Correct","e=0.09 (RC)",0.0476575668787541
"855","b","SS","300","Low","Correct","e=0.09 (RC)",0.453397574397163
"856","a","BS","300","Low","Simple","e=0.09 (RC)",0.192262096200666
"857","c","BS","300","Low","Simple","e=0.09 (RC)",0.0482683953931504
"858","b","BS","300","Low","Simple","e=0.09 (RC)",0.440776944650902
"859","a","RS","300","Low","Simple","e=0.09 (RC)",0.285543928839386
"860","c","RS","300","Low","Simple","e=0.09 (RC)",0.0128245894192695
"861","b","RS","300","Low","Simple","e=0.09 (RC)",0.657615170415122
"862","a","ILV","300","Low","Simple","e=0.09 (RC)",0.237566909141288
"863","c","ILV","300","Low","Simple","e=0.09 (RC)",0.0324566476156007
"864","b","ILV","300","Low","Simple","e=0.09 (RC)",0.553407917735295
"865","a","SEM","300","Low","Simple","e=0.09 (RC)",0.239034602554557
"866","c","SEM","300","Low","Simple","e=0.09 (RC)",0.0317225522216248
"867","b","SEM","300","Low","Simple","e=0.09 (RC)",0.558132907929841
"868","a","SS","300","Low","Simple","e=0.09 (RC)",0.199625880252751
"869","c","SS","300","Low","Simple","e=0.09 (RC)",0.0476575668787541
"870","b","SS","300","Low","Simple","e=0.09 (RC)",0.453397574397163
"871","a","BS","400","Low","Correct","e=0.09 (RC)",0.204052074471025
"872","c","BS","400","Low","Correct","e=0.09 (RC)",0.0467939518395786
"873","b","BS","400","Low","Correct","e=0.09 (RC)",0.463247492471205
"874","a","RS","400","Low","Correct","e=0.09 (RC)",0.395895519838221
"875","c","RS","400","Low","Correct","e=0.09 (RC)",-0.0498968380933377
"876","b","RS","400","Low","Correct","e=0.09 (RC)",0.853546487343624
"877","a","ILV","400","Low","Correct","e=0.09 (RC)",0.295842370280989
"878","c","ILV","400","Low","Correct","e=0.09 (RC)",-0.00135732130963147
"879","b","ILV","400","Low","Correct","e=0.09 (RC)",0.693612550165635
"880","a","SEM","400","Low","Correct","e=0.09 (RC)",0.300511410544316
"881","c","SEM","400","Low","Correct","e=0.09 (RC)",-0.00351738848977248
"882","b","SEM","400","Low","Correct","e=0.09 (RC)",0.70209614793933
"883","a","SS","400","Low","Correct","e=0.09 (RC)",0.199422541625142
"884","c","SS","400","Low","Correct","e=0.09 (RC)",0.0470618399366093
"885","b","SS","400","Low","Correct","e=0.09 (RC)",0.454423162546177
"886","a","BS","400","Low","Simple","e=0.09 (RC)",0.193516744806229
"887","c","BS","400","Low","Simple","e=0.09 (RC)",0.0477731585527528
"888","b","BS","400","Low","Simple","e=0.09 (RC)",0.441766490906335
"889","a","RS","400","Low","Simple","e=0.09 (RC)",0.288926404917137
"890","c","RS","400","Low","Simple","e=0.09 (RC)",0.0109546012687714
"891","b","RS","400","Low","Simple","e=0.09 (RC)",0.662637351925026
"892","a","ILV","400","Low","Simple","e=0.09 (RC)",0.240081105500762
"893","c","ILV","400","Low","Simple","e=0.09 (RC)",0.0316213353931307
"894","b","ILV","400","Low","Simple","e=0.09 (RC)",0.557179007027684
"895","a","SEM","400","Low","Simple","e=0.09 (RC)",0.241346319167571
"896","c","SEM","400","Low","Simple","e=0.09 (RC)",0.0305603700104941
"897","b","SEM","400","Low","Simple","e=0.09 (RC)",0.561340902413836
"898","a","SS","400","Low","Simple","e=0.09 (RC)",0.199422541625142
"899","c","SS","400","Low","Simple","e=0.09 (RC)",0.0470618399366093
"900","b","SS","400","Low","Simple","e=0.09 (RC)",0.454423162546177
"901","a","BS","30","Wide","Correct","e=0.09 (XL)",0.257885443569669
"902","c","BS","30","Wide","Correct","e=0.09 (XL)",0.0219122090747456
"903","b","BS","30","Wide","Correct","e=0.09 (XL)",0.595475130878042
"904","a","RS","30","Wide","Correct","e=0.09 (XL)",0.322369045353528
"905","c","RS","30","Wide","Correct","e=0.09 (XL)",-0.00838664532101934
"906","b","RS","30","Wide","Correct","e=0.09 (XL)",0.713941387731368
"907","a","ILV","30","Wide","Correct","e=0.09 (XL)",0.300866166058954
"908","c","ILV","30","Wide","Correct","e=0.09 (XL)",0.0213413291113581
"909","b","ILV","30","Wide","Correct","e=0.09 (XL)",0.670196800946926
"910","a","SEM","30","Wide","Correct","e=0.09 (XL)",0.294145040989955
"911","c","SEM","30","Wide","Correct","e=0.09 (XL)",0.0071557492244829
"912","b","SEM","30","Wide","Correct","e=0.09 (XL)",0.66447808367626
"913","a","SS","30","Wide","Correct","e=0.09 (XL)",0.688922719299514
"914","c","SS","30","Wide","Correct","e=0.09 (XL)",0.118053056801893
"915","b","SS","30","Wide","Correct","e=0.09 (XL)",0.738839480768265
"916","a","BS","30","Wide","Simple","e=0.09 (XL)",0.424638997982785
"917","c","BS","30","Wide","Simple","e=0.09 (XL)",0.171468117711586
"918","b","BS","30","Wide","Simple","e=0.09 (XL)",0.6340288940985
"919","a","RS","30","Wide","Simple","e=0.09 (XL)",0.500627216950135
"920","c","RS","30","Wide","Simple","e=0.09 (XL)",0.144283239658278
"921","b","RS","30","Wide","Simple","e=0.09 (XL)",0.735488744719157
"922","a","ILV","30","Wide","Simple","e=0.09 (XL)",0.467750380852491
"923","c","ILV","30","Wide","Simple","e=0.09 (XL)",0.168596491852676
"924","b","ILV","30","Wide","Simple","e=0.09 (XL)",0.71115896547956
"925","a","SEM","30","Wide","Simple","e=0.09 (XL)",0.468924957096056
"926","c","SEM","30","Wide","Simple","e=0.09 (XL)",0.160460633152713
"927","b","SEM","30","Wide","Simple","e=0.09 (XL)",0.708140869917336
"928","a","SS","30","Wide","Simple","e=0.09 (XL)",0.418568071230102
"929","c","SS","30","Wide","Simple","e=0.09 (XL)",0.193053025592854
"930","b","SS","30","Wide","Simple","e=0.09 (XL)",0.621097383428175
"931","a","BS","60","Wide","Correct","e=0.09 (XL)",0.256291383267196
"932","c","BS","60","Wide","Correct","e=0.09 (XL)",0.0163396912231454
"933","b","BS","60","Wide","Correct","e=0.09 (XL)",0.617769856302178
"934","a","RS","60","Wide","Correct","e=0.09 (XL)",0.329759732600621
"935","c","RS","60","Wide","Correct","e=0.09 (XL)",-0.015977602522666
"936","b","RS","60","Wide","Correct","e=0.09 (XL)",0.75874765955092
"937","a","ILV","60","Wide","Correct","e=0.09 (XL)",0.293865478460663
"938","c","ILV","60","Wide","Correct","e=0.09 (XL)",0.00625217051628084
"939","b","ILV","60","Wide","Correct","e=0.09 (XL)",0.68726724019225
"940","a","SEM","60","Wide","Correct","e=0.09 (XL)",0.293316778013384
"941","c","SEM","60","Wide","Correct","e=0.09 (XL)",0.000134056737533493
"942","b","SEM","60","Wide","Correct","e=0.09 (XL)",0.69457499893046
"943","a","SS","60","Wide","Correct","e=0.09 (XL)",0.689760714431019
"944","c","SS","60","Wide","Correct","e=0.09 (XL)",0.111247167775675
"945","b","SS","60","Wide","Correct","e=0.09 (XL)",0.746112242042322
"946","a","BS","60","Wide","Simple","e=0.09 (XL)",0.435029382082808
"947","c","BS","60","Wide","Simple","e=0.09 (XL)",0.174275983721994
"948","b","BS","60","Wide","Simple","e=0.09 (XL)",0.67515388292178
"949","a","RS","60","Wide","Simple","e=0.09 (XL)",0.525478815029067
"950","c","RS","60","Wide","Simple","e=0.09 (XL)",0.149341544885038
"951","b","RS","60","Wide","Simple","e=0.09 (XL)",0.784789175908596
"952","a","ILV","60","Wide","Simple","e=0.09 (XL)",0.474504665482654
"953","c","ILV","60","Wide","Simple","e=0.09 (XL)",0.161187088237173
"954","b","ILV","60","Wide","Simple","e=0.09 (XL)",0.731956848299419
"955","a","SEM","60","Wide","Simple","e=0.09 (XL)",0.480368436124638
"956","c","SEM","60","Wide","Simple","e=0.09 (XL)",0.161424652610457
"957","b","SEM","60","Wide","Simple","e=0.09 (XL)",0.74031665156907
"958","a","SS","60","Wide","Simple","e=0.09 (XL)",0.414437527901423
"959","c","SS","60","Wide","Simple","e=0.09 (XL)",0.19040825905489
"960","b","SS","60","Wide","Simple","e=0.09 (XL)",0.623904105266509
"961","a","BS","100","Wide","Correct","e=0.09 (XL)",0.262007694426077
"962","c","BS","100","Wide","Correct","e=0.09 (XL)",0.0205453962094832
"963","b","BS","100","Wide","Correct","e=0.09 (XL)",0.61761236522984
"964","a","RS","100","Wide","Correct","e=0.09 (XL)",0.341210707255216
"965","c","RS","100","Wide","Correct","e=0.09 (XL)",-0.0141939451092269
"966","b","RS","100","Wide","Correct","e=0.09 (XL)",0.765500720575064
"967","a","ILV","100","Wide","Correct","e=0.09 (XL)",0.301383928535871
"968","c","ILV","100","Wide","Correct","e=0.09 (XL)",0.00689496614249987
"969","b","ILV","100","Wide","Correct","e=0.09 (XL)",0.693957061315561
"970","a","SEM","100","Wide","Correct","e=0.09 (XL)",0.301832295639992
"971","c","SEM","100","Wide","Correct","e=0.09 (XL)",0.0031273551664255
"972","b","SEM","100","Wide","Correct","e=0.09 (XL)",0.698212409447762
"973","a","SS","100","Wide","Correct","e=0.09 (XL)",0.695391903192748
"974","c","SS","100","Wide","Correct","e=0.09 (XL)",0.115403664083918
"975","b","SS","100","Wide","Correct","e=0.09 (XL)",0.741327353489067
"976","a","BS","100","Wide","Simple","e=0.09 (XL)",0.443803481971146
"977","c","BS","100","Wide","Simple","e=0.09 (XL)",0.175365325240185
"978","b","BS","100","Wide","Simple","e=0.09 (XL)",0.67817747773306
"979","a","RS","100","Wide","Simple","e=0.09 (XL)",0.541213890361518
"980","c","RS","100","Wide","Simple","e=0.09 (XL)",0.149533788246785
"981","b","RS","100","Wide","Simple","e=0.09 (XL)",0.790780768216148
"982","a","ILV","100","Wide","Simple","e=0.09 (XL)",0.488010455147036
"983","c","ILV","100","Wide","Simple","e=0.09 (XL)",0.161643743828404
"984","b","ILV","100","Wide","Simple","e=0.09 (XL)",0.738787073506927
"985","a","SEM","100","Wide","Simple","e=0.09 (XL)",0.492506578817356
"986","c","SEM","100","Wide","Simple","e=0.09 (XL)",0.161703807975401
"987","b","SEM","100","Wide","Simple","e=0.09 (XL)",0.744289698733582
"988","a","SS","100","Wide","Simple","e=0.09 (XL)",0.421996003537264
"989","c","SS","100","Wide","Simple","e=0.09 (XL)",0.190566366281051
"990","b","SS","100","Wide","Simple","e=0.09 (XL)",0.623309220978992
"991","a","BS","200","Wide","Correct","e=0.09 (XL)",0.256208690994199
"992","c","BS","200","Wide","Correct","e=0.09 (XL)",0.0191720682174719
"993","b","BS","200","Wide","Correct","e=0.09 (XL)",0.614633273515034
"994","a","RS","200","Wide","Correct","e=0.09 (XL)",0.337110100469106
"995","c","RS","200","Wide","Correct","e=0.09 (XL)",-0.0154393436586301
"996","b","RS","200","Wide","Correct","e=0.09 (XL)",0.766124546390005
"997","a","ILV","200","Wide","Correct","e=0.09 (XL)",0.296835793383281
"998","c","ILV","200","Wide","Correct","e=0.09 (XL)",0.00358627840569788
"999","b","ILV","200","Wide","Correct","e=0.09 (XL)",0.694858996773982
"1000","a","SEM","200","Wide","Correct","e=0.09 (XL)",0.296799666801739
"1001","c","SEM","200","Wide","Correct","e=0.09 (XL)",0.00190391387259459
"1002","b","SEM","200","Wide","Correct","e=0.09 (XL)",0.69707383307361
"1003","a","SS","200","Wide","Correct","e=0.09 (XL)",0.692849195662919
"1004","c","SS","200","Wide","Correct","e=0.09 (XL)",0.112585643372799
"1005","b","SS","200","Wide","Correct","e=0.09 (XL)",0.743534291791185
"1006","a","BS","200","Wide","Simple","e=0.09 (XL)",0.439206355994727
"1007","c","BS","200","Wide","Simple","e=0.09 (XL)",0.174317596573577
"1008","b","BS","200","Wide","Simple","e=0.09 (XL)",0.678881759287044
"1009","a","RS","200","Wide","Simple","e=0.09 (XL)",0.540491304699222
"1010","c","RS","200","Wide","Simple","e=0.09 (XL)",0.150370379185834
"1011","b","RS","200","Wide","Simple","e=0.09 (XL)",0.791673607955946
"1012","a","ILV","200","Wide","Simple","e=0.09 (XL)",0.487042097547814
"1013","c","ILV","200","Wide","Simple","e=0.09 (XL)",0.162260706518706
"1014","b","ILV","200","Wide","Simple","e=0.09 (XL)",0.741943193077393
"1015","a","SEM","200","Wide","Simple","e=0.09 (XL)",0.489639577265494
"1016","c","SEM","200","Wide","Simple","e=0.09 (XL)",0.161782794404851
"1017","b","SEM","200","Wide","Simple","e=0.09 (XL)",0.745002347920041
"1018","a","SS","200","Wide","Simple","e=0.09 (XL)",0.417636131212238
"1019","c","SS","200","Wide","Simple","e=0.09 (XL)",0.190262622649178
"1020","b","SS","200","Wide","Simple","e=0.09 (XL)",0.621361716738314
"1021","a","BS","300","Wide","Correct","e=0.09 (XL)",0.260268075014128
"1022","c","BS","300","Wide","Correct","e=0.09 (XL)",0.0182244694537975
"1023","b","BS","300","Wide","Correct","e=0.09 (XL)",0.615897284423264
"1024","a","RS","300","Wide","Correct","e=0.09 (XL)",0.342662319606218
"1025","c","RS","300","Wide","Correct","e=0.09 (XL)",-0.0180296014472423
"1026","b","RS","300","Wide","Correct","e=0.09 (XL)",0.769797017142665
"1027","a","ILV","300","Wide","Correct","e=0.09 (XL)",0.301135648123113
"1028","c","ILV","300","Wide","Correct","e=0.09 (XL)",0.00150164802389154
"1029","b","ILV","300","Wide","Correct","e=0.09 (XL)",0.698230271765299
"1030","a","SEM","300","Wide","Correct","e=0.09 (XL)",0.301625877116496
"1031","c","SEM","300","Wide","Correct","e=0.09 (XL)",0.000123843769034053
"1032","b","SEM","300","Wide","Correct","e=0.09 (XL)",0.699627755251784
"1033","a","SS","300","Wide","Correct","e=0.09 (XL)",0.693629398931303
"1034","c","SS","300","Wide","Correct","e=0.09 (XL)",0.112106821210337
"1035","b","SS","300","Wide","Correct","e=0.09 (XL)",0.743869617848634
"1036","a","BS","300","Wide","Simple","e=0.09 (XL)",0.441437517170051
"1037","c","BS","300","Wide","Simple","e=0.09 (XL)",0.173022202013265
"1038","b","BS","300","Wide","Simple","e=0.09 (XL)",0.680644359302011
"1039","a","RS","300","Wide","Simple","e=0.09 (XL)",0.544066595693289
"1040","c","RS","300","Wide","Simple","e=0.09 (XL)",0.148184469660477
"1041","b","RS","300","Wide","Simple","e=0.09 (XL)",0.794862713929564
"1042","a","ILV","300","Wide","Simple","e=0.09 (XL)",0.490732426844615
"1043","c","ILV","300","Wide","Simple","e=0.09 (XL)",0.160401231429911
"1044","b","ILV","300","Wide","Simple","e=0.09 (XL)",0.745262212058861
"1045","a","SEM","300","Wide","Simple","e=0.09 (XL)",0.492516530315999
"1046","c","SEM","300","Wide","Simple","e=0.09 (XL)",0.159994838092084
"1047","b","SEM","300","Wide","Simple","e=0.09 (XL)",0.747615037328796
"1048","a","SS","300","Wide","Simple","e=0.09 (XL)",0.419755167513341
"1049","c","SS","300","Wide","Simple","e=0.09 (XL)",0.19022535397334
"1050","b","SS","300","Wide","Simple","e=0.09 (XL)",0.622527513357928
"1051","a","BS","400","Wide","Correct","e=0.09 (XL)",0.259060003367106
"1052","c","BS","400","Wide","Correct","e=0.09 (XL)",0.0175644520168899
"1053","b","BS","400","Wide","Correct","e=0.09 (XL)",0.615716459136369
"1054","a","RS","400","Wide","Correct","e=0.09 (XL)",0.341132754613019
"1055","c","RS","400","Wide","Correct","e=0.09 (XL)",-0.0184460654713873
"1056","b","RS","400","Wide","Correct","e=0.09 (XL)",0.769960731527043
"1057","a","ILV","400","Wide","Correct","e=0.09 (XL)",0.300271819934718
"1058","c","ILV","400","Wide","Correct","e=0.09 (XL)",0.000361901569648518
"1059","b","ILV","400","Wide","Correct","e=0.09 (XL)",0.698544411628908
"1060","a","SEM","400","Wide","Correct","e=0.09 (XL)",0.300236000884008
"1061","c","SEM","400","Wide","Correct","e=0.09 (XL)",-0.000404437546417446
"1062","b","SEM","400","Wide","Correct","e=0.09 (XL)",0.699609090005074
"1063","a","SS","400","Wide","Correct","e=0.09 (XL)",0.692715888666622
"1064","c","SS","400","Wide","Correct","e=0.09 (XL)",0.111684594471809
"1065","b","SS","400","Wide","Correct","e=0.09 (XL)",0.745095717079322
"1066","a","BS","400","Wide","Simple","e=0.09 (XL)",0.43913907805711
"1067","c","BS","400","Wide","Simple","e=0.09 (XL)",0.172721316631964
"1068","b","BS","400","Wide","Simple","e=0.09 (XL)",0.68121546756309
"1069","a","RS","400","Wide","Simple","e=0.09 (XL)",0.542173516743383
"1070","c","RS","400","Wide","Simple","e=0.09 (XL)",0.148530172133477
"1071","b","RS","400","Wide","Simple","e=0.09 (XL)",0.795114159979398
"1072","a","ILV","400","Wide","Simple","e=0.09 (XL)",0.489287633484241
"1073","c","ILV","400","Wide","Simple","e=0.09 (XL)",0.160290061936836
"1074","b","ILV","400","Wide","Simple","e=0.09 (XL)",0.746323932785292
"1075","a","SEM","400","Wide","Simple","e=0.09 (XL)",0.490368636053023
"1076","c","SEM","400","Wide","Simple","e=0.09 (XL)",0.160066022600246
"1077","b","SEM","400","Wide","Simple","e=0.09 (XL)",0.74796016070262
"1078","a","SS","400","Wide","Simple","e=0.09 (XL)",0.417918076154729
"1079","c","SS","400","Wide","Simple","e=0.09 (XL)",0.190541800675694
"1080","b","SS","400","Wide","Simple","e=0.09 (XL)",0.623382156592826
"1081","a","BS","30","Wide","Correct","e=0.03 (XL)",0.262390022911254
"1082","c","BS","30","Wide","Correct","e=0.03 (XL)",0.0140178143621475
"1083","b","BS","30","Wide","Correct","e=0.03 (XL)",0.608983422955018
"1084","a","RS","30","Wide","Correct","e=0.03 (XL)",0.313479019853618
"1085","c","RS","30","Wide","Correct","e=0.03 (XL)",-0.0177692581900601
"1086","b","RS","30","Wide","Correct","e=0.03 (XL)",0.718465678409435
"1087","a","ILV","30","Wide","Correct","e=0.03 (XL)",0.296902813126009
"1088","c","ILV","30","Wide","Correct","e=0.03 (XL)",0.0108901377372687
"1089","b","ILV","30","Wide","Correct","e=0.03 (XL)",0.674380344184079
"1090","a","SEM","30","Wide","Correct","e=0.03 (XL)",0.290583679042964
"1091","c","SEM","30","Wide","Correct","e=0.03 (XL)",-0.00338183349942605
"1092","b","SEM","30","Wide","Correct","e=0.03 (XL)",0.676856360941433
"1093","a","SS","30","Wide","Correct","e=0.03 (XL)",0.659833642272265
"1094","c","SS","30","Wide","Correct","e=0.03 (XL)",0.0592890565574176
"1095","b","SS","30","Wide","Correct","e=0.03 (XL)",0.721782333951349
"1096","a","BS","30","Wide","Simple","e=0.03 (XL)",0.310227343494061
"1097","c","BS","30","Wide","Simple","e=0.03 (XL)",0.060378659307404
"1098","b","BS","30","Wide","Simple","e=0.03 (XL)",0.62357595956578
"1099","a","RS","30","Wide","Simple","e=0.03 (XL)",0.366522803398039
"1100","c","RS","30","Wide","Simple","e=0.03 (XL)",0.024890957519662
"1101","b","RS","30","Wide","Simple","e=0.03 (XL)",0.7421097286048
"1102","a","ILV","30","Wide","Simple","e=0.03 (XL)",0.345060605947149
"1103","c","ILV","30","Wide","Simple","e=0.03 (XL)",0.0485707600790585
"1104","b","ILV","30","Wide","Simple","e=0.03 (XL)",0.705495510938295
"1105","a","SEM","30","Wide","Simple","e=0.03 (XL)",0.34069509094323
"1106","c","SEM","30","Wide","Simple","e=0.03 (XL)",0.0412900841234784
"1107","b","SEM","30","Wide","Simple","e=0.03 (XL)",0.698363430568216
"1108","a","SS","30","Wide","Simple","e=0.03 (XL)",0.316203490611843
"1109","c","SS","30","Wide","Simple","e=0.03 (XL)",0.0798382093532227
"1110","b","SS","30","Wide","Simple","e=0.03 (XL)",0.61288177767396
"1111","a","BS","60","Wide","Correct","e=0.03 (XL)",0.264151790055828
"1112","c","BS","60","Wide","Correct","e=0.03 (XL)",0.0202254840806102
"1113","b","BS","60","Wide","Correct","e=0.03 (XL)",0.62350090567711
"1114","a","RS","60","Wide","Correct","e=0.03 (XL)",0.326384842504021
"1115","c","RS","60","Wide","Correct","e=0.03 (XL)",-0.0149687210457715
"1116","b","RS","60","Wide","Correct","e=0.03 (XL)",0.756430992026472
"1117","a","ILV","60","Wide","Correct","e=0.03 (XL)",0.292691906427963
"1118","c","ILV","60","Wide","Correct","e=0.03 (XL)",0.00825953435178171
"1119","b","ILV","60","Wide","Correct","e=0.03 (XL)",0.689776947931634
"1120","a","SEM","60","Wide","Correct","e=0.03 (XL)",0.295784069993533
"1121","c","SEM","60","Wide","Correct","e=0.03 (XL)",0.00212904038192419
"1122","b","SEM","60","Wide","Correct","e=0.03 (XL)",0.696931004420972
"1123","a","SS","60","Wide","Correct","e=0.03 (XL)",0.654909560344638
"1124","c","SS","60","Wide","Correct","e=0.03 (XL)",0.0640158294031241
"1125","b","SS","60","Wide","Correct","e=0.03 (XL)",0.718380494886128
"1126","a","BS","60","Wide","Simple","e=0.03 (XL)",0.315638706082386
"1127","c","BS","60","Wide","Simple","e=0.03 (XL)",0.0645562326455664
"1128","b","BS","60","Wide","Simple","e=0.03 (XL)",0.646660743544735
"1129","a","RS","60","Wide","Simple","e=0.03 (XL)",0.381196681715914
"1130","c","RS","60","Wide","Simple","e=0.03 (XL)",0.0276284599272097
"1131","b","RS","60","Wide","Simple","e=0.03 (XL)",0.778745671549835
"1132","a","ILV","60","Wide","Simple","e=0.03 (XL)",0.344948261457837
"1133","c","ILV","60","Wide","Simple","e=0.03 (XL)",0.0484769946249987
"1134","b","ILV","60","Wide","Simple","e=0.03 (XL)",0.71312482424686
"1135","a","SEM","60","Wide","Simple","e=0.03 (XL)",0.348541290233752
"1136","c","SEM","60","Wide","Simple","e=0.03 (XL)",0.0454404623566968
"1137","b","SEM","60","Wide","Simple","e=0.03 (XL)",0.7202478455453
"1138","a","SS","60","Wide","Simple","e=0.03 (XL)",0.308611172062206
"1139","c","SS","60","Wide","Simple","e=0.03 (XL)",0.0810570199601556
"1140","b","SS","60","Wide","Simple","e=0.03 (XL)",0.613751287800281
"1141","a","BS","100","Wide","Correct","e=0.03 (XL)",0.267437939999269
"1142","c","BS","100","Wide","Correct","e=0.03 (XL)",0.0196941882708332
"1143","b","BS","100","Wide","Correct","e=0.03 (XL)",0.624457686363138
"1144","a","RS","100","Wide","Correct","e=0.03 (XL)",0.332682164814191
"1145","c","RS","100","Wide","Correct","e=0.03 (XL)",-0.0178992764796141
"1146","b","RS","100","Wide","Correct","e=0.03 (XL)",0.764817879981179
"1147","a","ILV","100","Wide","Correct","e=0.03 (XL)",0.299113853071899
"1148","c","ILV","100","Wide","Correct","e=0.03 (XL)",0.00437624085815778
"1149","b","ILV","100","Wide","Correct","e=0.03 (XL)",0.69479182804438
"1150","a","SEM","100","Wide","Correct","e=0.03 (XL)",0.300295322861733
"1151","c","SEM","100","Wide","Correct","e=0.03 (XL)",0.000462520705356639
"1152","b","SEM","100","Wide","Correct","e=0.03 (XL)",0.700650296583816
"1153","a","SS","100","Wide","Correct","e=0.03 (XL)",0.654026514686825
"1154","c","SS","100","Wide","Correct","e=0.03 (XL)",0.0621685007816361
"1155","b","SS","100","Wide","Correct","e=0.03 (XL)",0.716098120414425
"1156","a","BS","100","Wide","Simple","e=0.03 (XL)",0.317777443285896
"1157","c","BS","100","Wide","Simple","e=0.03 (XL)",0.0649964142905743
"1158","b","BS","100","Wide","Simple","e=0.03 (XL)",0.649273089999457
"1159","a","RS","100","Wide","Simple","e=0.03 (XL)",0.38528340373471
"1160","c","RS","100","Wide","Simple","e=0.03 (XL)",0.0271451362954195
"1161","b","RS","100","Wide","Simple","e=0.03 (XL)",0.784259278408825
"1162","a","ILV","100","Wide","Simple","e=0.03 (XL)",0.34935049092553
"1163","c","ILV","100","Wide","Simple","e=0.03 (XL)",0.0476306575752352
"1164","b","ILV","100","Wide","Simple","e=0.03 (XL)",0.718316297877055
"1165","a","SEM","100","Wide","Simple","e=0.03 (XL)",0.351623669891756
"1166","c","SEM","100","Wide","Simple","e=0.03 (XL)",0.0453475210846694
"1167","b","SEM","100","Wide","Simple","e=0.03 (XL)",0.72287293473258
"1168","a","SS","100","Wide","Simple","e=0.03 (XL)",0.310206319061423
"1169","c","SS","100","Wide","Simple","e=0.03 (XL)",0.0803124249441706
"1170","b","SS","100","Wide","Simple","e=0.03 (XL)",0.610284505618514
"1171","a","BS","200","Wide","Correct","e=0.03 (XL)",0.266986168754253
"1172","c","BS","200","Wide","Correct","e=0.03 (XL)",0.01976424528252
"1173","b","BS","200","Wide","Correct","e=0.03 (XL)",0.621483231561459
"1174","a","RS","200","Wide","Correct","e=0.03 (XL)",0.335254536858258
"1175","c","RS","200","Wide","Correct","e=0.03 (XL)",-0.0186417520060687
"1176","b","RS","200","Wide","Correct","e=0.03 (XL)",0.766231166972235
"1177","a","ILV","200","Wide","Correct","e=0.03 (XL)",0.300348689974577
"1178","c","ILV","200","Wide","Correct","e=0.03 (XL)",0.00185270225733015
"1179","b","ILV","200","Wide","Correct","e=0.03 (XL)",0.697570652356866
"1180","a","SEM","200","Wide","Correct","e=0.03 (XL)",0.301302657753568
"1181","c","SEM","200","Wide","Correct","e=0.03 (XL)",0.000194775614714476
"1182","b","SEM","200","Wide","Correct","e=0.03 (XL)",0.699953053802778
"1183","a","SS","200","Wide","Correct","e=0.03 (XL)",0.655020622752657
"1184","c","SS","200","Wide","Correct","e=0.03 (XL)",0.0649913409437109
"1185","b","SS","200","Wide","Correct","e=0.03 (XL)",0.714529593229941
"1186","a","BS","200","Wide","Simple","e=0.03 (XL)",0.319171526325027
"1187","c","BS","200","Wide","Simple","e=0.03 (XL)",0.0648821528671444
"1188","b","BS","200","Wide","Simple","e=0.03 (XL)",0.648524039349198
"1189","a","RS","200","Wide","Simple","e=0.03 (XL)",0.389173659005462
"1190","c","RS","200","Wide","Simple","e=0.03 (XL)",0.0268736039318558
"1191","b","RS","200","Wide","Simple","e=0.03 (XL)",0.785235792691029
"1192","a","ILV","200","Wide","Simple","e=0.03 (XL)",0.352910105615901
"1193","c","ILV","200","Wide","Simple","e=0.03 (XL)",0.0459753830059662
"1194","b","ILV","200","Wide","Simple","e=0.03 (XL)",0.720710738133908
"1195","a","SEM","200","Wide","Simple","e=0.03 (XL)",0.354196166507516
"1196","c","SEM","200","Wide","Simple","e=0.03 (XL)",0.0452429691228879
"1197","b","SEM","200","Wide","Simple","e=0.03 (XL)",0.723580359103547
"1198","a","SS","200","Wide","Simple","e=0.03 (XL)",0.311079695932711
"1199","c","SS","200","Wide","Simple","e=0.03 (XL)",0.0814169392457849
"1200","b","SS","200","Wide","Simple","e=0.03 (XL)",0.609409710524674
"1201","a","BS","300","Wide","Correct","e=0.03 (XL)",0.264365322105208
"1202","c","BS","300","Wide","Correct","e=0.03 (XL)",0.0182438184254718
"1203","b","BS","300","Wide","Correct","e=0.03 (XL)",0.621761917175347
"1204","a","RS","300","Wide","Correct","e=0.03 (XL)",0.3324838566598
"1205","c","RS","300","Wide","Correct","e=0.03 (XL)",-0.020662306208904
"1206","b","RS","300","Wide","Correct","e=0.03 (XL)",0.768303638675438
"1207","a","ILV","300","Wide","Correct","e=0.03 (XL)",0.298186773753885
"1208","c","ILV","300","Wide","Correct","e=0.03 (XL)",-0.000482422292000087
"1209","b","ILV","300","Wide","Correct","e=0.03 (XL)",0.699608787146112
"1210","a","SEM","300","Wide","Correct","e=0.03 (XL)",0.298608984138548
"1211","c","SEM","300","Wide","Correct","e=0.03 (XL)",-0.00158809191558093
"1212","b","SEM","300","Wide","Correct","e=0.03 (XL)",0.701229315529624
"1213","a","SS","300","Wide","Correct","e=0.03 (XL)",0.652410457719668
"1214","c","SS","300","Wide","Correct","e=0.03 (XL)",0.0605353011283715
"1215","b","SS","300","Wide","Correct","e=0.03 (XL)",0.719306893705554
"1216","a","BS","300","Wide","Simple","e=0.03 (XL)",0.315878487651212
"1217","c","BS","300","Wide","Simple","e=0.03 (XL)",0.0629630629460407
"1218","b","BS","300","Wide","Simple","e=0.03 (XL)",0.648990895433121
"1219","a","RS","300","Wide","Simple","e=0.03 (XL)",0.385413895043107
"1220","c","RS","300","Wide","Simple","e=0.03 (XL)",0.0248581168365433
"1221","b","RS","300","Wide","Simple","e=0.03 (XL)",0.786599172767263
"1222","a","ILV","300","Wide","Simple","e=0.03 (XL)",0.349960808801496
"1223","c","ILV","300","Wide","Simple","e=0.03 (XL)",0.0435257465780869
"1224","b","ILV","300","Wide","Simple","e=0.03 (XL)",0.72300394215501
"1225","a","SEM","300","Wide","Simple","e=0.03 (XL)",0.35066112069822
"1226","c","SEM","300","Wide","Simple","e=0.03 (XL)",0.0432792115375562
"1227","b","SEM","300","Wide","Simple","e=0.03 (XL)",0.72451936954788
"1228","a","SS","300","Wide","Simple","e=0.03 (XL)",0.307446787757842
"1229","c","SS","300","Wide","Simple","e=0.03 (XL)",0.0787956829569764
"1230","b","SS","300","Wide","Simple","e=0.03 (XL)",0.612811045046275
"1231","a","BS","400","Wide","Correct","e=0.03 (XL)",0.264302356789197
"1232","c","BS","400","Wide","Correct","e=0.03 (XL)",0.0198480871899783
"1233","b","BS","400","Wide","Correct","e=0.03 (XL)",0.619947004150166
"1234","a","RS","400","Wide","Correct","e=0.03 (XL)",0.333157012532113
"1235","c","RS","400","Wide","Correct","e=0.03 (XL)",-0.0185764026616599
"1236","b","RS","400","Wide","Correct","e=0.03 (XL)",0.76667021921378
"1237","a","ILV","400","Wide","Correct","e=0.03 (XL)",0.298378774730038
"1238","c","ILV","400","Wide","Correct","e=0.03 (XL)",0.00105374637562495
"1239","b","ILV","400","Wide","Correct","e=0.03 (XL)",0.698130636456247
"1240","a","SEM","400","Wide","Correct","e=0.03 (XL)",0.298887127567772
"1241","c","SEM","400","Wide","Correct","e=0.03 (XL)",0.000300538242408725
"1242","b","SEM","400","Wide","Correct","e=0.03 (XL)",0.699466087204385
"1243","a","SS","400","Wide","Correct","e=0.03 (XL)",0.653135800403116
"1244","c","SS","400","Wide","Correct","e=0.03 (XL)",0.0644521496899499
"1245","b","SS","400","Wide","Correct","e=0.03 (XL)",0.716122426160413
"1246","a","BS","400","Wide","Simple","e=0.03 (XL)",0.31642311367388
"1247","c","BS","400","Wide","Simple","e=0.03 (XL)",0.0645222134806308
"1248","b","BS","400","Wide","Simple","e=0.03 (XL)",0.647948774515951
"1249","a","RS","400","Wide","Simple","e=0.03 (XL)",0.386695602932757
"1250","c","RS","400","Wide","Simple","e=0.03 (XL)",0.0268797907732852
"1251","b","RS","400","Wide","Simple","e=0.03 (XL)",0.785366815349804
"1252","a","ILV","400","Wide","Simple","e=0.03 (XL)",0.351105151015397
"1253","c","ILV","400","Wide","Simple","e=0.03 (XL)",0.0456347151242661
"1254","b","ILV","400","Wide","Simple","e=0.03 (XL)",0.722088601024615
"1255","a","SEM","400","Wide","Simple","e=0.03 (XL)",0.351548104750843
"1256","c","SEM","400","Wide","Simple","e=0.03 (XL)",0.045109112776109
"1257","b","SEM","400","Wide","Simple","e=0.03 (XL)",0.723333561851632
"1258","a","SS","400","Wide","Simple","e=0.03 (XL)",0.308757244727711
"1259","c","SS","400","Wide","Simple","e=0.03 (XL)",0.0804655121739437
"1260","b","SS","400","Wide","Simple","e=0.03 (XL)",0.61167965659187
"1261","a","BS","30","Wide","Correct","e=0",0.263253543745226
"1262","c","BS","30","Wide","Correct","e=0",0.0173801307969372
"1263","b","BS","30","Wide","Correct","e=0",0.599738649394198
"1264","a","RS","30","Wide","Correct","e=0",0.309388010145915
"1265","c","RS","30","Wide","Correct","e=0",-0.0193965285543547
"1266","b","RS","30","Wide","Correct","e=0",0.717570330919767
"1267","a","ILV","30","Wide","Correct","e=0",0.290067272651944
"1268","c","ILV","30","Wide","Correct","e=0",0.00669185447338195
"1269","b","ILV","30","Wide","Correct","e=0",0.68103354878381
"1270","a","SEM","30","Wide","Correct","e=0",0.286900946434271
"1271","c","SEM","30","Wide","Correct","e=0",-0.00177011071494829
"1272","b","SEM","30","Wide","Correct","e=0",0.66733988106118
"1273","a","SS","30","Wide","Correct","e=0",0.25876136358622
"1274","c","SS","30","Wide","Correct","e=0",0.0303524123362857
"1275","b","SS","30","Wide","Correct","e=0",0.587804525998089
"1276","a","BS","30","Wide","Simple","e=0",0.263253543745226
"1277","c","BS","30","Wide","Simple","e=0",0.0173801307969372
"1278","b","BS","30","Wide","Simple","e=0",0.599738649394198
"1279","a","RS","30","Wide","Simple","e=0",0.309388010145915
"1280","c","RS","30","Wide","Simple","e=0",-0.0193965285543547
"1281","b","RS","30","Wide","Simple","e=0",0.717570330919767
"1282","a","ILV","30","Wide","Simple","e=0",0.290067272651944
"1283","c","ILV","30","Wide","Simple","e=0",0.00669185447338195
"1284","b","ILV","30","Wide","Simple","e=0",0.68103354878381
"1285","a","SEM","30","Wide","Simple","e=0",0.286900946434271
"1286","c","SEM","30","Wide","Simple","e=0",-0.00177011071494829
"1287","b","SEM","30","Wide","Simple","e=0",0.66733988106118
"1288","a","SS","30","Wide","Simple","e=0",0.25876136358622
"1289","c","SS","30","Wide","Simple","e=0",0.0303524123362857
"1290","b","SS","30","Wide","Simple","e=0",0.587804525998089
"1291","a","BS","60","Wide","Correct","e=0",0.265473809690737
"1292","c","BS","60","Wide","Correct","e=0",0.0167554316979864
"1293","b","BS","60","Wide","Correct","e=0",0.625218217688632
"1294","a","RS","60","Wide","Correct","e=0",0.318827422004394
"1295","c","RS","60","Wide","Correct","e=0",-0.0222325873810131
"1296","b","RS","60","Wide","Correct","e=0",0.75873755481815
"1297","a","ILV","60","Wide","Correct","e=0",0.290127045353312
"1298","c","ILV","60","Wide","Correct","e=0",-0.000665659015725048
"1299","b","ILV","60","Wide","Correct","e=0",0.690895685732787
"1300","a","SEM","60","Wide","Correct","e=0",0.292637974325871
"1301","c","SEM","60","Wide","Correct","e=0",-0.00352890997286192
"1302","b","SEM","60","Wide","Correct","e=0",0.697670991027838
"1303","a","SS","60","Wide","Correct","e=0",0.252511564175903
"1304","c","SS","60","Wide","Correct","e=0",0.0263477995428244
"1305","b","SS","60","Wide","Correct","e=0",0.591289329917962
"1306","a","BS","60","Wide","Simple","e=0",0.265473809690737
"1307","c","BS","60","Wide","Simple","e=0",0.0167554316979864
"1308","b","BS","60","Wide","Simple","e=0",0.625218217688632
"1309","a","RS","60","Wide","Simple","e=0",0.318827422004394
"1310","c","RS","60","Wide","Simple","e=0",-0.0222325873810131
"1311","b","RS","60","Wide","Simple","e=0",0.75873755481815
"1312","a","ILV","60","Wide","Simple","e=0",0.290127045353312
"1313","c","ILV","60","Wide","Simple","e=0",-0.000665659015725048
"1314","b","ILV","60","Wide","Simple","e=0",0.690895685732787
"1315","a","SEM","60","Wide","Simple","e=0",0.292637974325871
"1316","c","SEM","60","Wide","Simple","e=0",-0.00352890997286192
"1317","b","SEM","60","Wide","Simple","e=0",0.697670991027838
"1318","a","SS","60","Wide","Simple","e=0",0.252511564175903
"1319","c","SS","60","Wide","Simple","e=0",0.0263477995428244
"1320","b","SS","60","Wide","Simple","e=0",0.591289329917962
"1321","a","BS","100","Wide","Correct","e=0",0.270852333716983
"1322","c","BS","100","Wide","Correct","e=0",0.0199822479414977
"1323","b","BS","100","Wide","Correct","e=0",0.624723504167415
"1324","a","RS","100","Wide","Correct","e=0",0.328169373654974
"1325","c","RS","100","Wide","Correct","e=0",-0.0195760279197848
"1326","b","RS","100","Wide","Correct","e=0",0.761582629466755
"1327","a","ILV","100","Wide","Correct","e=0",0.297405619380397
"1328","c","ILV","100","Wide","Correct","e=0",0.00133156184914987
"1329","b","ILV","100","Wide","Correct","e=0",0.694024358764338
"1330","a","SEM","100","Wide","Correct","e=0",0.299759190033281
"1331","c","SEM","100","Wide","Correct","e=0",-0.000456312785034862
"1332","b","SEM","100","Wide","Correct","e=0",0.698809598072244
"1333","a","SS","100","Wide","Correct","e=0",0.2569392444121
"1334","c","SS","100","Wide","Correct","e=0",0.0283059457601405
"1335","b","SS","100","Wide","Correct","e=0",0.587914526529763
"1336","a","BS","100","Wide","Simple","e=0",0.270852333716983
"1337","c","BS","100","Wide","Simple","e=0",0.0199822479414977
"1338","b","BS","100","Wide","Simple","e=0",0.624723504167415
"1339","a","RS","100","Wide","Simple","e=0",0.328169373654974
"1340","c","RS","100","Wide","Simple","e=0",-0.0195760279197848
"1341","b","RS","100","Wide","Simple","e=0",0.761582629466755
"1342","a","ILV","100","Wide","Simple","e=0",0.297405619380397
"1343","c","ILV","100","Wide","Simple","e=0",0.00133156184914987
"1344","b","ILV","100","Wide","Simple","e=0",0.694024358764338
"1345","a","SEM","100","Wide","Simple","e=0",0.299759190033281
"1346","c","SEM","100","Wide","Simple","e=0",-0.000456312785034862
"1347","b","SEM","100","Wide","Simple","e=0",0.698809598072244
"1348","a","SS","100","Wide","Simple","e=0",0.2569392444121
"1349","c","SS","100","Wide","Simple","e=0",0.0283059457601405
"1350","b","SS","100","Wide","Simple","e=0",0.587914526529763
"1351","a","BS","200","Wide","Correct","e=0",0.271042727244793
"1352","c","BS","200","Wide","Correct","e=0",0.0203052835803759
"1353","b","BS","200","Wide","Correct","e=0",0.624110580754625
"1354","a","RS","200","Wide","Correct","e=0",0.32975707564484
"1355","c","RS","200","Wide","Correct","e=0",-0.0199599001447202
"1356","b","RS","200","Wide","Correct","e=0",0.764066753957563
"1357","a","ILV","200","Wide","Correct","e=0",0.299478069002395
"1358","c","ILV","200","Wide","Correct","e=0",0.000546989161809522
"1359","b","ILV","200","Wide","Correct","e=0",0.697041925610759
"1360","a","SEM","200","Wide","Correct","e=0",0.300621908642225
"1361","c","SEM","200","Wide","Correct","e=0",-0.000416657795416034
"1362","b","SEM","200","Wide","Correct","e=0",0.699742292773702
"1363","a","SS","200","Wide","Correct","e=0",0.256013675785442
"1364","c","SS","200","Wide","Correct","e=0",0.0286412499222025
"1365","b","SS","200","Wide","Correct","e=0",0.589104388571506
"1366","a","BS","200","Wide","Simple","e=0",0.271042727244793
"1367","c","BS","200","Wide","Simple","e=0",0.0203052835803759
"1368","b","BS","200","Wide","Simple","e=0",0.624110580754625
"1369","a","RS","200","Wide","Simple","e=0",0.32975707564484
"1370","c","RS","200","Wide","Simple","e=0",-0.0199599001447202
"1371","b","RS","200","Wide","Simple","e=0",0.764066753957563
"1372","a","ILV","200","Wide","Simple","e=0",0.299478069002395
"1373","c","ILV","200","Wide","Simple","e=0",0.000546989161809522
"1374","b","ILV","200","Wide","Simple","e=0",0.697041925610759
"1375","a","SEM","200","Wide","Simple","e=0",0.300621908642225
"1376","c","SEM","200","Wide","Simple","e=0",-0.000416657795416034
"1377","b","SEM","200","Wide","Simple","e=0",0.699742292773702
"1378","a","SS","200","Wide","Simple","e=0",0.256013675785442
"1379","c","SS","200","Wide","Simple","e=0",0.0286412499222025
"1380","b","SS","200","Wide","Simple","e=0",0.589104388571506
"1381","a","BS","300","Wide","Correct","e=0",0.26891063019924
"1382","c","BS","300","Wide","Correct","e=0",0.0191838716946586
"1383","b","BS","300","Wide","Correct","e=0",0.623917663085499
"1384","a","RS","300","Wide","Correct","e=0",0.328074811483291
"1385","c","RS","300","Wide","Correct","e=0",-0.0210410913470692
"1386","b","RS","300","Wide","Correct","e=0",0.764339827817995
"1387","a","ILV","300","Wide","Correct","e=0",0.297620091008186
"1388","c","ILV","300","Wide","Correct","e=0",-0.000894799181123618
"1389","b","ILV","300","Wide","Correct","e=0",0.698354737089861
"1390","a","SEM","300","Wide","Correct","e=0",0.298694880908394
"1391","c","SEM","300","Wide","Correct","e=0",-0.00149856349922062
"1392","b","SEM","300","Wide","Correct","e=0",0.699756823138245
"1393","a","SS","300","Wide","Correct","e=0",0.254423292392625
"1394","c","SS","300","Wide","Correct","e=0",0.0278305904514811
"1395","b","SS","300","Wide","Correct","e=0",0.588967564743062
"1396","a","BS","300","Wide","Simple","e=0",0.26891063019924
"1397","c","BS","300","Wide","Simple","e=0",0.0191838716946586
"1398","b","BS","300","Wide","Simple","e=0",0.623917663085499
"1399","a","RS","300","Wide","Simple","e=0",0.328074811483291
"1400","c","RS","300","Wide","Simple","e=0",-0.0210410913470692
"1401","b","RS","300","Wide","Simple","e=0",0.764339827817995
"1402","a","ILV","300","Wide","Simple","e=0",0.297620091008186
"1403","c","ILV","300","Wide","Simple","e=0",-0.000894799181123618
"1404","b","ILV","300","Wide","Simple","e=0",0.698354737089861
"1405","a","SEM","300","Wide","Simple","e=0",0.298694880908394
"1406","c","SEM","300","Wide","Simple","e=0",-0.00149856349922062
"1407","b","SEM","300","Wide","Simple","e=0",0.699756823138245
"1408","a","SS","300","Wide","Simple","e=0",0.254423292392625
"1409","c","SS","300","Wide","Simple","e=0",0.0278305904514811
"1410","b","SS","300","Wide","Simple","e=0",0.588967564743062
"1411","a","BS","400","Wide","Correct","e=0",0.26939049455647
"1412","c","BS","400","Wide","Correct","e=0",0.0213101554564154
"1413","b","BS","400","Wide","Correct","e=0",0.623322377678215
"1414","a","RS","400","Wide","Correct","e=0",0.328660484048956
"1415","c","RS","400","Wide","Correct","e=0",-0.0182726515902901
"1416","b","RS","400","Wide","Correct","e=0",0.763205669421041
"1417","a","ILV","400","Wide","Correct","e=0",0.298671829414831
"1418","c","ILV","400","Wide","Correct","e=0",0.00131097261358117
"1419","b","ILV","400","Wide","Correct","e=0",0.697745587817813
"1420","a","SEM","400","Wide","Correct","e=0",0.299204919518205
"1421","c","SEM","400","Wide","Correct","e=0",0.000981954966158538
"1422","b","SEM","400","Wide","Correct","e=0",0.698830274550257
"1423","a","SS","400","Wide","Correct","e=0",0.2550750262793
"1424","c","SS","400","Wide","Correct","e=0",0.0296961774118177
"1425","b","SS","400","Wide","Correct","e=0",0.587730249894663
"1426","a","BS","400","Wide","Simple","e=0",0.26939049455647
"1427","c","BS","400","Wide","Simple","e=0",0.0213101554564154
"1428","b","BS","400","Wide","Simple","e=0",0.623322377678215
"1429","a","RS","400","Wide","Simple","e=0",0.328660484048956
"1430","c","RS","400","Wide","Simple","e=0",-0.0182726515902901
"1431","b","RS","400","Wide","Simple","e=0",0.763205669421041
"1432","a","ILV","400","Wide","Simple","e=0",0.298671829414831
"1433","c","ILV","400","Wide","Simple","e=0",0.00131097261358117
"1434","b","ILV","400","Wide","Simple","e=0",0.697745587817813
"1435","a","SEM","400","Wide","Simple","e=0",0.299204919518205
"1436","c","SEM","400","Wide","Simple","e=0",0.000981954966158538
"1437","b","SEM","400","Wide","Simple","e=0",0.698830274550257
"1438","a","SS","400","Wide","Simple","e=0",0.2550750262793
"1439","c","SS","400","Wide","Simple","e=0",0.0296961774118177
"1440","b","SS","400","Wide","Simple","e=0",0.587730249894663
"1441","a","BS","30","Wide","Correct","e=0.03 (RC)",0.282922183003157
"1442","c","BS","30","Wide","Correct","e=0.03 (RC)",0.0194531026444279
"1443","b","BS","30","Wide","Correct","e=0.03 (RC)",0.61423936246732
"1444","a","RS","30","Wide","Correct","e=0.03 (RC)",0.335027305154829
"1445","c","RS","30","Wide","Correct","e=0.03 (RC)",-0.0273219623158859
"1446","b","RS","30","Wide","Correct","e=0.03 (RC)",0.74242035952362
"1447","a","ILV","30","Wide","Correct","e=0.03 (RC)",0.309506796747932
"1448","c","ILV","30","Wide","Correct","e=0.03 (RC)",-0.00127998995213477
"1449","b","ILV","30","Wide","Correct","e=0.03 (RC)",0.696595176383632
"1450","a","SEM","30","Wide","Correct","e=0.03 (RC)",0.311124723216439
"1451","c","SEM","30","Wide","Correct","e=0.03 (RC)",-0.00810896663904223
"1452","b","SEM","30","Wide","Correct","e=0.03 (RC)",0.696166161911283
"1453","a","SS","30","Wide","Correct","e=0.03 (RC)",0.272581546471011
"1454","c","SS","30","Wide","Correct","e=0.03 (RC)",0.0285476058779363
"1455","b","SS","30","Wide","Correct","e=0.03 (RC)",0.589391060205808
"1456","a","BS","30","Wide","Simple","e=0.03 (RC)",0.273624922832043
"1457","c","BS","30","Wide","Simple","e=0.03 (RC)",0.026361151503991
"1458","b","BS","30","Wide","Simple","e=0.03 (RC)",0.597376869260087
"1459","a","RS","30","Wide","Simple","e=0.03 (RC)",0.317624722994807
"1460","c","RS","30","Wide","Simple","e=0.03 (RC)",-0.00617051008664716
"1461","b","RS","30","Wide","Simple","e=0.03 (RC)",0.704117914182056
"1462","a","ILV","30","Wide","Simple","e=0.03 (RC)",0.301972499660395
"1463","c","ILV","30","Wide","Simple","e=0.03 (RC)",0.0130938536997339
"1464","b","ILV","30","Wide","Simple","e=0.03 (RC)",0.67249925119216
"1465","a","SEM","30","Wide","Simple","e=0.03 (RC)",0.297666761972116
"1466","c","SEM","30","Wide","Simple","e=0.03 (RC)",0.00789872357440775
"1467","b","SEM","30","Wide","Simple","e=0.03 (RC)",0.664158882812877
"1468","a","SS","30","Wide","Simple","e=0.03 (RC)",0.272581546471011
"1469","c","SS","30","Wide","Simple","e=0.03 (RC)",0.0285476058779363
"1470","b","SS","30","Wide","Simple","e=0.03 (RC)",0.589391060205808
"1471","a","BS","60","Wide","Correct","e=0.03 (RC)",0.266600604104487
"1472","c","BS","60","Wide","Correct","e=0.03 (RC)",0.019524462419244
"1473","b","BS","60","Wide","Correct","e=0.03 (RC)",0.620858090059678
"1474","a","RS","60","Wide","Correct","e=0.03 (RC)",0.322325243988507
"1475","c","RS","60","Wide","Correct","e=0.03 (RC)",-0.0218472242421287
"1476","b","RS","60","Wide","Correct","e=0.03 (RC)",0.760960056486608
"1477","a","ILV","60","Wide","Correct","e=0.03 (RC)",0.293242808178127
"1478","c","ILV","60","Wide","Correct","e=0.03 (RC)",-0.000632506162035727
"1479","b","ILV","60","Wide","Correct","e=0.03 (RC)",0.693780104020201
"1480","a","SEM","60","Wide","Correct","e=0.03 (RC)",0.294607383065288
"1481","c","SEM","60","Wide","Correct","e=0.03 (RC)",-0.00208527518272228
"1482","b","SEM","60","Wide","Correct","e=0.03 (RC)",0.697034572732135
"1483","a","SS","60","Wide","Correct","e=0.03 (RC)",0.248838922099827
"1484","c","SS","60","Wide","Correct","e=0.03 (RC)",0.0298875190966022
"1485","b","SS","60","Wide","Correct","e=0.03 (RC)",0.580773571180379
"1486","a","BS","60","Wide","Simple","e=0.03 (RC)",0.26249583851177
"1487","c","BS","60","Wide","Simple","e=0.03 (RC)",0.0217602226406944
"1488","b","BS","60","Wide","Simple","e=0.03 (RC)",0.611800735272735
"1489","a","RS","60","Wide","Simple","e=0.03 (RC)",0.309239120933427
"1490","c","RS","60","Wide","Simple","e=0.03 (RC)",-0.0098906239192565
"1491","b","RS","60","Wide","Simple","e=0.03 (RC)",0.727668299061871
"1492","a","ILV","60","Wide","Simple","e=0.03 (RC)",0.284406415917714
"1493","c","ILV","60","Wide","Simple","e=0.03 (RC)",0.00800651581399485
"1494","b","ILV","60","Wide","Simple","e=0.03 (RC)",0.668485422066411
"1495","a","SEM","60","Wide","Simple","e=0.03 (RC)",0.286063620098865
"1496","c","SEM","60","Wide","Simple","e=0.03 (RC)",0.00555800858301459
"1497","b","SEM","60","Wide","Simple","e=0.03 (RC)",0.673166417326308
"1498","a","SS","60","Wide","Simple","e=0.03 (RC)",0.248838922099827
"1499","c","SS","60","Wide","Simple","e=0.03 (RC)",0.0298875190966022
"1500","b","SS","60","Wide","Simple","e=0.03 (RC)",0.580773571180379
"1501","a","BS","100","Wide","Correct","e=0.03 (RC)",0.265756797050805
"1502","c","BS","100","Wide","Correct","e=0.03 (RC)",0.0223515594608295
"1503","b","BS","100","Wide","Correct","e=0.03 (RC)",0.620271120479528
"1504","a","RS","100","Wide","Correct","e=0.03 (RC)",0.324927117132925
"1505","c","RS","100","Wide","Correct","e=0.03 (RC)",-0.019284205576
"1506","b","RS","100","Wide","Correct","e=0.03 (RC)",0.76751686422487
"1507","a","ILV","100","Wide","Correct","e=0.03 (RC)",0.293365721725386
"1508","c","ILV","100","Wide","Correct","e=0.03 (RC)",0.00193995990879196
"1509","b","ILV","100","Wide","Correct","e=0.03 (RC)",0.695731657085775
"1510","a","SEM","100","Wide","Correct","e=0.03 (RC)",0.29546937465128
"1511","c","SEM","100","Wide","Correct","e=0.03 (RC)",0.000714864193000178
"1512","b","SEM","100","Wide","Correct","e=0.03 (RC)",0.700590358284988
"1513","a","SS","100","Wide","Correct","e=0.03 (RC)",0.248624328217826
"1514","c","SS","100","Wide","Correct","e=0.03 (RC)",0.0312541727711093
"1515","b","SS","100","Wide","Correct","e=0.03 (RC)",0.580837441458233
"1516","a","BS","100","Wide","Simple","e=0.03 (RC)",0.262458622047085
"1517","c","BS","100","Wide","Simple","e=0.03 (RC)",0.0237202712921413
"1518","b","BS","100","Wide","Simple","e=0.03 (RC)",0.6145292438169
"1519","a","RS","100","Wide","Simple","e=0.03 (RC)",0.310716577902838
"1520","c","RS","100","Wide","Simple","e=0.03 (RC)",-0.0080747834281762
"1521","b","RS","100","Wide","Simple","e=0.03 (RC)",0.733336810379884
"1522","a","ILV","100","Wide","Simple","e=0.03 (RC)",0.284663141580711
"1523","c","ILV","100","Wide","Simple","e=0.03 (RC)",0.00876612159657103
"1524","b","ILV","100","Wide","Simple","e=0.03 (RC)",0.674007515495616
"1525","a","SEM","100","Wide","Simple","e=0.03 (RC)",0.286738120044589
"1526","c","SEM","100","Wide","Simple","e=0.03 (RC)",0.00748385817874311
"1527","b","SEM","100","Wide","Simple","e=0.03 (RC)",0.677913345113443
"1528","a","SS","100","Wide","Simple","e=0.03 (RC)",0.248624328217826
"1529","c","SS","100","Wide","Simple","e=0.03 (RC)",0.0312541727711093
"1530","b","SS","100","Wide","Simple","e=0.03 (RC)",0.580837441458233
"1531","a","BS","200","Wide","Correct","e=0.03 (RC)",0.266919957819899
"1532","c","BS","200","Wide","Correct","e=0.03 (RC)",0.0241280978761431
"1533","b","BS","200","Wide","Correct","e=0.03 (RC)",0.615700410073842
"1534","a","RS","200","Wide","Correct","e=0.03 (RC)",0.330190531406508
"1535","c","RS","200","Wide","Correct","e=0.03 (RC)",-0.0185178805544771
"1536","b","RS","200","Wide","Correct","e=0.03 (RC)",0.767269866033576
"1537","a","ILV","200","Wide","Correct","e=0.03 (RC)",0.297122183913737
"1538","c","ILV","200","Wide","Correct","e=0.03 (RC)",0.00265660207563419
"1539","b","ILV","200","Wide","Correct","e=0.03 (RC)",0.694788802541721
"1540","a","SEM","200","Wide","Correct","e=0.03 (RC)",0.298714732271207
"1541","c","SEM","200","Wide","Correct","e=0.03 (RC)",0.00210411614471671
"1542","b","SEM","200","Wide","Correct","e=0.03 (RC)",0.698197060778073
"1543","a","SS","200","Wide","Correct","e=0.03 (RC)",0.250816840176324
"1544","c","SS","200","Wide","Correct","e=0.03 (RC)",0.0325450847044692
"1545","b","SS","200","Wide","Correct","e=0.03 (RC)",0.576661391753132
"1546","a","BS","200","Wide","Simple","e=0.03 (RC)",0.265052543779433
"1547","c","BS","200","Wide","Simple","e=0.03 (RC)",0.0245900479696996
"1548","b","BS","200","Wide","Simple","e=0.03 (RC)",0.612028007295328
"1549","a","RS","200","Wide","Simple","e=0.03 (RC)",0.315238312657998
"1550","c","RS","200","Wide","Simple","e=0.03 (RC)",-0.00775137941706559
"1551","b","RS","200","Wide","Simple","e=0.03 (RC)",0.732609019849851
"1552","a","ILV","200","Wide","Simple","e=0.03 (RC)",0.289521450660435
"1553","c","ILV","200","Wide","Simple","e=0.03 (RC)",0.00885948471833555
"1554","b","ILV","200","Wide","Simple","e=0.03 (RC)",0.674202875373977
"1555","a","SEM","200","Wide","Simple","e=0.03 (RC)",0.290279434340933
"1556","c","SEM","200","Wide","Simple","e=0.03 (RC)",0.00813736904452162
"1557","b","SEM","200","Wide","Simple","e=0.03 (RC)",0.676220118182715
"1558","a","SS","200","Wide","Simple","e=0.03 (RC)",0.250816840176324
"1559","c","SS","200","Wide","Simple","e=0.03 (RC)",0.0325450847044692
"1560","b","SS","200","Wide","Simple","e=0.03 (RC)",0.576661391753132
"1561","a","BS","300","Wide","Correct","e=0.03 (RC)",0.267555104525583
"1562","c","BS","300","Wide","Correct","e=0.03 (RC)",0.0217172417795376
"1563","b","BS","300","Wide","Correct","e=0.03 (RC)",0.615392198252551
"1564","a","RS","300","Wide","Correct","e=0.03 (RC)",0.332671298445918
"1565","c","RS","300","Wide","Correct","e=0.03 (RC)",-0.0225191262334158
"1566","b","RS","300","Wide","Correct","e=0.03 (RC)",0.769854167283679
"1567","a","ILV","300","Wide","Correct","e=0.03 (RC)",0.298888562342945
"1568","c","ILV","300","Wide","Correct","e=0.03 (RC)",-0.000501673074793333
"1569","b","ILV","300","Wide","Correct","e=0.03 (RC)",0.696842557744875
"1570","a","SEM","300","Wide","Correct","e=0.03 (RC)",0.300318993044139
"1571","c","SEM","300","Wide","Correct","e=0.03 (RC)",-0.00107879852686046
"1572","b","SEM","300","Wide","Correct","e=0.03 (RC)",0.699396661226088
"1573","a","SS","300","Wide","Correct","e=0.03 (RC)",0.251503221702929
"1574","c","SS","300","Wide","Correct","e=0.03 (RC)",0.0298898704104733
"1575","b","SS","300","Wide","Correct","e=0.03 (RC)",0.578932485954133
"1576","a","BS","300","Wide","Simple","e=0.03 (RC)",0.265991535963659
"1577","c","BS","300","Wide","Simple","e=0.03 (RC)",0.0224318093286454
"1578","b","BS","300","Wide","Simple","e=0.03 (RC)",0.612293802328927
"1579","a","RS","300","Wide","Simple","e=0.03 (RC)",0.316599759736258
"1580","c","RS","300","Wide","Simple","e=0.03 (RC)",-0.0105757359422921
"1581","b","RS","300","Wide","Simple","e=0.03 (RC)",0.733674393616117
"1582","a","ILV","300","Wide","Simple","e=0.03 (RC)",0.290364836061274
"1583","c","ILV","300","Wide","Simple","e=0.03 (RC)",0.00650241766762135
"1584","b","ILV","300","Wide","Simple","e=0.03 (RC)",0.675169238570033
"1585","a","SEM","300","Wide","Simple","e=0.03 (RC)",0.291434128762451
"1586","c","SEM","300","Wide","Simple","e=0.03 (RC)",0.00565216708656477
"1587","b","SEM","300","Wide","Simple","e=0.03 (RC)",0.676863097686844
"1588","a","SS","300","Wide","Simple","e=0.03 (RC)",0.251503221702929
"1589","c","SS","300","Wide","Simple","e=0.03 (RC)",0.0298898704104733
"1590","b","SS","300","Wide","Simple","e=0.03 (RC)",0.578932485954133
"1591","a","BS","400","Wide","Correct","e=0.03 (RC)",0.26861691182795
"1592","c","BS","400","Wide","Correct","e=0.03 (RC)",0.0235017091537008
"1593","b","BS","400","Wide","Correct","e=0.03 (RC)",0.6149915031413
"1594","a","RS","400","Wide","Correct","e=0.03 (RC)",0.334839331149835
"1595","c","RS","400","Wide","Correct","e=0.03 (RC)",-0.0204630285874727
"1596","b","RS","400","Wide","Correct","e=0.03 (RC)",0.769746997239285
"1597","a","ILV","400","Wide","Correct","e=0.03 (RC)",0.300677993831283
"1598","c","ILV","400","Wide","Correct","e=0.03 (RC)",0.00152678633988748
"1599","b","ILV","400","Wide","Correct","e=0.03 (RC)",0.697446385407431
"1600","a","SEM","400","Wide","Correct","e=0.03 (RC)",0.301913438075659
"1601","c","SEM","400","Wide","Correct","e=0.03 (RC)",0.000879019746903693
"1602","b","SEM","400","Wide","Correct","e=0.03 (RC)",0.699143869418478
"1603","a","SS","400","Wide","Correct","e=0.03 (RC)",0.253708505744347
"1604","c","SS","400","Wide","Correct","e=0.03 (RC)",0.031622193975964
"1605","b","SS","400","Wide","Correct","e=0.03 (RC)",0.577778470079067
"1606","a","BS","400","Wide","Simple","e=0.03 (RC)",0.267234399501451
"1607","c","BS","400","Wide","Simple","e=0.03 (RC)",0.0239947237107829
"1608","b","BS","400","Wide","Simple","e=0.03 (RC)",0.612436221619397
"1609","a","RS","400","Wide","Simple","e=0.03 (RC)",0.318391572784953
"1610","c","RS","400","Wide","Simple","e=0.03 (RC)",-0.00876968769689694
"1611","b","RS","400","Wide","Simple","e=0.03 (RC)",0.73364770130957
"1612","a","ILV","400","Wide","Simple","e=0.03 (RC)",0.292637142240001
"1613","c","ILV","400","Wide","Simple","e=0.03 (RC)",0.00757520014958195
"1614","b","ILV","400","Wide","Simple","e=0.03 (RC)",0.67594002867764
"1615","a","SEM","400","Wide","Simple","e=0.03 (RC)",0.29293476073839
"1616","c","SEM","400","Wide","Simple","e=0.03 (RC)",0.0073574031910139
"1617","b","SEM","400","Wide","Simple","e=0.03 (RC)",0.676888452502
"1618","a","SS","400","Wide","Simple","e=0.03 (RC)",0.253708505744347
"1619","c","SS","400","Wide","Simple","e=0.03 (RC)",0.031622193975964
"1620","b","SS","400","Wide","Simple","e=0.03 (RC)",0.577778470079067
"1621","a","BS","30","Wide","Correct","e=0.09 (RC)",0.28418598693268
"1622","c","BS","30","Wide","Correct","e=0.09 (RC)",0.0192172385165534
"1623","b","BS","30","Wide","Correct","e=0.09 (RC)",0.609665529008526
"1624","a","RS","30","Wide","Correct","e=0.09 (RC)",0.345381551816768
"1625","c","RS","30","Wide","Correct","e=0.09 (RC)",-0.0353154255040499
"1626","b","RS","30","Wide","Correct","e=0.09 (RC)",0.765395939250864
"1627","a","ILV","30","Wide","Correct","e=0.09 (RC)",0.306899524486888
"1628","c","ILV","30","Wide","Correct","e=0.09 (RC)",-0.00169793020169588
"1629","b","ILV","30","Wide","Correct","e=0.09 (RC)",0.69023450753265
"1630","a","SEM","30","Wide","Correct","e=0.09 (RC)",0.315942866106951
"1631","c","SEM","30","Wide","Correct","e=0.09 (RC)",-0.0112391525568663
"1632","b","SEM","30","Wide","Correct","e=0.09 (RC)",0.703754221754071
"1633","a","SS","30","Wide","Correct","e=0.09 (RC)",0.266094563754749
"1634","c","SS","30","Wide","Correct","e=0.09 (RC)",0.0357816199101325
"1635","b","SS","30","Wide","Correct","e=0.09 (RC)",0.586127625948316
"1636","a","BS","30","Wide","Simple","e=0.09 (RC)",0.266083862341292
"1637","c","BS","30","Wide","Simple","e=0.09 (RC)",0.0265315577252396
"1638","b","BS","30","Wide","Simple","e=0.09 (RC)",0.57832275492902
"1639","a","RS","30","Wide","Simple","e=0.09 (RC)",0.295173039783814
"1640","c","RS","30","Wide","Simple","e=0.09 (RC)",0.00619059141871696
"1641","b","RS","30","Wide","Simple","e=0.09 (RC)",0.651170221885025
"1642","a","ILV","30","Wide","Simple","e=0.09 (RC)",0.289414382874715
"1643","c","ILV","30","Wide","Simple","e=0.09 (RC)",0.019798871027649
"1644","b","ILV","30","Wide","Simple","e=0.09 (RC)",0.634450972099259
"1645","a","SEM","30","Wide","Simple","e=0.09 (RC)",0.280758194392414
"1646","c","SEM","30","Wide","Simple","e=0.09 (RC)",0.0165448633788648
"1647","b","SEM","30","Wide","Simple","e=0.09 (RC)",0.619923012188384
"1648","a","SS","30","Wide","Simple","e=0.09 (RC)",0.266094563754749
"1649","c","SS","30","Wide","Simple","e=0.09 (RC)",0.0357816199101325
"1650","b","SS","30","Wide","Simple","e=0.09 (RC)",0.586127625948316
"1651","a","BS","60","Wide","Correct","e=0.09 (RC)",0.271663993922432
"1652","c","BS","60","Wide","Correct","e=0.09 (RC)",0.027682311661127
"1653","b","BS","60","Wide","Correct","e=0.09 (RC)",0.608818179448086
"1654","a","RS","60","Wide","Correct","e=0.09 (RC)",0.340076778865687
"1655","c","RS","60","Wide","Correct","e=0.09 (RC)",-0.0199133697435102
"1656","b","RS","60","Wide","Correct","e=0.09 (RC)",0.770807705893763
"1657","a","ILV","60","Wide","Correct","e=0.09 (RC)",0.302785979115396
"1658","c","ILV","60","Wide","Correct","e=0.09 (RC)",0.00660515995968431
"1659","b","ILV","60","Wide","Correct","e=0.09 (RC)",0.690727496156989
"1660","a","SEM","60","Wide","Correct","e=0.09 (RC)",0.306286125146215
"1661","c","SEM","60","Wide","Correct","e=0.09 (RC)",0.00241928432667643
"1662","b","SEM","60","Wide","Correct","e=0.09 (RC)",0.698903057917869
"1663","a","SS","60","Wide","Correct","e=0.09 (RC)",0.254923873205379
"1664","c","SS","60","Wide","Correct","e=0.09 (RC)",0.0375256517064839
"1665","b","SS","60","Wide","Correct","e=0.09 (RC)",0.564628086778048
"1666","a","BS","60","Wide","Simple","e=0.09 (RC)",0.259403025494128
"1667","c","BS","60","Wide","Simple","e=0.09 (RC)",0.0325017544030686
"1668","b","BS","60","Wide","Simple","e=0.09 (RC)",0.58549365038539
"1669","a","RS","60","Wide","Simple","e=0.09 (RC)",0.289557453241018
"1670","c","RS","60","Wide","Simple","e=0.09 (RC)",0.0146970003452909
"1671","b","RS","60","Wide","Simple","e=0.09 (RC)",0.658675814966677
"1672","a","ILV","60","Wide","Simple","e=0.09 (RC)",0.27586935021726
"1673","c","ILV","60","Wide","Simple","e=0.09 (RC)",0.024891200911327
"1674","b","ILV","60","Wide","Simple","e=0.09 (RC)",0.623050796323729
"1675","a","SEM","60","Wide","Simple","e=0.09 (RC)",0.274514687829264
"1676","c","SEM","60","Wide","Simple","e=0.09 (RC)",0.0235522042691744
"1677","b","SEM","60","Wide","Simple","e=0.09 (RC)",0.622634722442516
"1678","a","SS","60","Wide","Simple","e=0.09 (RC)",0.254923873205379
"1679","c","SS","60","Wide","Simple","e=0.09 (RC)",0.0375256517064839
"1680","b","SS","60","Wide","Simple","e=0.09 (RC)",0.564628086778048
"1681","a","BS","100","Wide","Correct","e=0.09 (RC)",0.263926719871607
"1682","c","BS","100","Wide","Correct","e=0.09 (RC)",0.0208833871182625
"1683","b","BS","100","Wide","Correct","e=0.09 (RC)",0.606116921577769
"1684","a","RS","100","Wide","Correct","e=0.09 (RC)",0.332025184179268
"1685","c","RS","100","Wide","Correct","e=0.09 (RC)",-0.0284306812928616
"1686","b","RS","100","Wide","Correct","e=0.09 (RC)",0.775098280089193
"1687","a","ILV","100","Wide","Correct","e=0.09 (RC)",0.294121597045524
"1688","c","ILV","100","Wide","Correct","e=0.09 (RC)",-0.00289296935102543
"1689","b","ILV","100","Wide","Correct","e=0.09 (RC)",0.69312278856885
"1690","a","SEM","100","Wide","Correct","e=0.09 (RC)",0.298272302380833
"1691","c","SEM","100","Wide","Correct","e=0.09 (RC)",-0.00484463457700062
"1692","b","SEM","100","Wide","Correct","e=0.09 (RC)",0.699248084903222
"1693","a","SS","100","Wide","Correct","e=0.09 (RC)",0.24366925384058
"1694","c","SS","100","Wide","Correct","e=0.09 (RC)",0.0311873790695042
"1695","b","SS","100","Wide","Correct","e=0.09 (RC)",0.563603501657034
"1696","a","BS","100","Wide","Simple","e=0.09 (RC)",0.254560570550772
"1697","c","BS","100","Wide","Simple","e=0.09 (RC)",0.0249716127441257
"1698","b","BS","100","Wide","Simple","e=0.09 (RC)",0.585479077113474
"1699","a","RS","100","Wide","Simple","e=0.09 (RC)",0.284145846760206
"1700","c","RS","100","Wide","Simple","e=0.09 (RC)",0.0066856158295761
"1701","b","RS","100","Wide","Simple","e=0.09 (RC)",0.660031528900666
"1702","a","ILV","100","Wide","Simple","e=0.09 (RC)",0.268777288870465
"1703","c","ILV","100","Wide","Simple","e=0.09 (RC)",0.016640739238555
"1704","b","ILV","100","Wide","Simple","e=0.09 (RC)",0.62277468600536
"1705","a","SEM","100","Wide","Simple","e=0.09 (RC)",0.269409633077221
"1706","c","SEM","100","Wide","Simple","e=0.09 (RC)",0.015800982807723
"1707","b","SEM","100","Wide","Simple","e=0.09 (RC)",0.624023248280146
"1708","a","SS","100","Wide","Simple","e=0.09 (RC)",0.24366925384058
"1709","c","SS","100","Wide","Simple","e=0.09 (RC)",0.0311873790695042
"1710","b","SS","100","Wide","Simple","e=0.09 (RC)",0.563603501657034
"1711","a","BS","200","Wide","Correct","e=0.09 (RC)",0.262923530457627
"1712","c","BS","200","Wide","Correct","e=0.09 (RC)",0.0260768693309103
"1713","b","BS","200","Wide","Correct","e=0.09 (RC)",0.603992922538605
"1714","a","RS","200","Wide","Correct","e=0.09 (RC)",0.336986484144488
"1715","c","RS","200","Wide","Correct","e=0.09 (RC)",-0.02258292663399
"1716","b","RS","200","Wide","Correct","e=0.09 (RC)",0.7770655513832
"1717","a","ILV","200","Wide","Correct","e=0.09 (RC)",0.29794085581805
"1718","c","ILV","200","Wide","Correct","e=0.09 (RC)",0.00231310429466943
"1719","b","ILV","200","Wide","Correct","e=0.09 (RC)",0.69509303392657
"1720","a","SEM","200","Wide","Correct","e=0.09 (RC)",0.300154077941045
"1721","c","SEM","200","Wide","Correct","e=0.09 (RC)",0.000933830584477921
"1722","b","SEM","200","Wide","Correct","e=0.09 (RC)",0.699179007994637
"1723","a","SS","200","Wide","Correct","e=0.09 (RC)",0.244959150786521
"1724","c","SS","200","Wide","Correct","e=0.09 (RC)",0.0353583178224561
"1725","b","SS","200","Wide","Correct","e=0.09 (RC)",0.562934789893968
"1726","a","BS","200","Wide","Simple","e=0.09 (RC)",0.254678605000867
"1727","c","BS","200","Wide","Simple","e=0.09 (RC)",0.0308708323391644
"1728","b","BS","200","Wide","Simple","e=0.09 (RC)",0.586327389537174
"1729","a","RS","200","Wide","Simple","e=0.09 (RC)",0.285234441282185
"1730","c","RS","200","Wide","Simple","e=0.09 (RC)",0.0132519191634175
"1731","b","RS","200","Wide","Simple","e=0.09 (RC)",0.662057922229832
"1732","a","ILV","200","Wide","Simple","e=0.09 (RC)",0.269615517417472
"1733","c","ILV","200","Wide","Simple","e=0.09 (RC)",0.0225655991842859
"1734","b","ILV","200","Wide","Simple","e=0.09 (RC)",0.624662183077538
"1735","a","SEM","200","Wide","Simple","e=0.09 (RC)",0.269991197398682
"1736","c","SEM","200","Wide","Simple","e=0.09 (RC)",0.0220596381076318
"1737","b","SEM","200","Wide","Simple","e=0.09 (RC)",0.625480905943074
"1738","a","SS","200","Wide","Simple","e=0.09 (RC)",0.244959150786521
"1739","c","SS","200","Wide","Simple","e=0.09 (RC)",0.0353583178224561
"1740","b","SS","200","Wide","Simple","e=0.09 (RC)",0.562934789893968
"1741","a","BS","300","Wide","Correct","e=0.09 (RC)",0.26179520084076
"1742","c","BS","300","Wide","Correct","e=0.09 (RC)",0.0235936360502112
"1743","b","BS","300","Wide","Correct","e=0.09 (RC)",0.602321917104733
"1744","a","RS","300","Wide","Correct","e=0.09 (RC)",0.336464104530966
"1745","c","RS","300","Wide","Correct","e=0.09 (RC)",-0.0259980666206261
"1746","b","RS","300","Wide","Correct","e=0.09 (RC)",0.777944473277397
"1747","a","ILV","300","Wide","Correct","e=0.09 (RC)",0.297856941520572
"1748","c","ILV","300","Wide","Correct","e=0.09 (RC)",-0.00131788841324226
"1749","b","ILV","300","Wide","Correct","e=0.09 (RC)",0.696184779770057
"1750","a","SEM","300","Wide","Correct","e=0.09 (RC)",0.299397333063417
"1751","c","SEM","300","Wide","Correct","e=0.09 (RC)",-0.00204699721871186
"1752","b","SEM","300","Wide","Correct","e=0.09 (RC)",0.698909091963944
"1753","a","SS","300","Wide","Correct","e=0.09 (RC)",0.244263912911066
"1754","c","SS","300","Wide","Correct","e=0.09 (RC)",0.0321377201678433
"1755","b","SS","300","Wide","Correct","e=0.09 (RC)",0.561950116589033
"1756","a","BS","300","Wide","Simple","e=0.09 (RC)",0.254833432363025
"1757","c","BS","300","Wide","Simple","e=0.09 (RC)",0.0273524322315172
"1758","b","BS","300","Wide","Simple","e=0.09 (RC)",0.585661934574461
"1759","a","RS","300","Wide","Simple","e=0.09 (RC)",0.285662724566132
"1760","c","RS","300","Wide","Simple","e=0.09 (RC)",0.00926534499857167
"1761","b","RS","300","Wide","Simple","e=0.09 (RC)",0.661963388962406
"1762","a","ILV","300","Wide","Simple","e=0.09 (RC)",0.270099823898896
"1763","c","ILV","300","Wide","Simple","e=0.09 (RC)",0.0183277432584686
"1764","b","ILV","300","Wide","Simple","e=0.09 (RC)",0.624805847154914
"1765","a","SEM","300","Wide","Simple","e=0.09 (RC)",0.270289395654393
"1766","c","SEM","300","Wide","Simple","e=0.09 (RC)",0.0183048141952473
"1767","b","SEM","300","Wide","Simple","e=0.09 (RC)",0.625096435081904
"1768","a","SS","300","Wide","Simple","e=0.09 (RC)",0.244263912911066
"1769","c","SS","300","Wide","Simple","e=0.09 (RC)",0.0321377201678433
"1770","b","SS","300","Wide","Simple","e=0.09 (RC)",0.561950116589033
"1771","a","BS","400","Wide","Correct","e=0.09 (RC)",0.262523872436364
"1772","c","BS","400","Wide","Correct","e=0.09 (RC)",0.0263610710114545
"1773","b","BS","400","Wide","Correct","e=0.09 (RC)",0.60192331916968
"1774","a","RS","400","Wide","Correct","e=0.09 (RC)",0.338183763091431
"1775","c","RS","400","Wide","Correct","e=0.09 (RC)",-0.0230786886900756
"1776","b","RS","400","Wide","Correct","e=0.09 (RC)",0.778182274657291
"1777","a","ILV","400","Wide","Correct","e=0.09 (RC)",0.298896989524916
"1778","c","ILV","400","Wide","Correct","e=0.09 (RC)",0.00187601373412695
"1779","b","ILV","400","Wide","Correct","e=0.09 (RC)",0.69705842101224
"1780","a","SEM","400","Wide","Correct","e=0.09 (RC)",0.30060664200738
"1781","c","SEM","400","Wide","Correct","e=0.09 (RC)",0.000845619547562801
"1782","b","SEM","400","Wide","Correct","e=0.09 (RC)",0.69883550344245
"1783","a","SS","400","Wide","Correct","e=0.09 (RC)",0.244621156521643
"1784","c","SS","400","Wide","Correct","e=0.09 (RC)",0.0342681905109342
"1785","b","SS","400","Wide","Correct","e=0.09 (RC)",0.563032498480465
"1786","a","BS","400","Wide","Simple","e=0.09 (RC)",0.255449777147509
"1787","c","BS","400","Wide","Simple","e=0.09 (RC)",0.029993777812899
"1788","b","BS","400","Wide","Simple","e=0.09 (RC)",0.585500788144488
"1789","a","RS","400","Wide","Simple","e=0.09 (RC)",0.286560714496043
"1790","c","RS","400","Wide","Simple","e=0.09 (RC)",0.0122346279823436
"1791","b","RS","400","Wide","Simple","e=0.09 (RC)",0.661666821195162
"1792","a","ILV","400","Wide","Simple","e=0.09 (RC)",0.270682400681114
"1793","c","ILV","400","Wide","Simple","e=0.09 (RC)",0.0211927203272252
"1794","b","ILV","400","Wide","Simple","e=0.09 (RC)",0.624297972387679
"1795","a","SEM","400","Wide","Simple","e=0.09 (RC)",0.271040608055415
"1796","c","SEM","400","Wide","Simple","e=0.09 (RC)",0.0211203251545671
"1797","b","SEM","400","Wide","Simple","e=0.09 (RC)",0.624858590384468
"1798","a","SS","400","Wide","Simple","e=0.09 (RC)",0.244621156521643
"1799","c","SS","400","Wide","Simple","e=0.09 (RC)",0.0342681905109342
"1800","b","SS","400","Wide","Simple","e=0.09 (RC)",0.563032498480465
"1801","a","BS","30","High","Correct","e=0.09 (XL)",0.267685845433849
"1802","c","BS","30","High","Correct","e=0.09 (XL)",0.0114860058192662
"1803","b","BS","30","High","Correct","e=0.09 (XL)",0.638845081382657
"1804","a","RS","30","High","Correct","e=0.09 (XL)",0.307433639994672
"1805","c","RS","30","High","Correct","e=0.09 (XL)",-0.00918168349412867
"1806","b","RS","30","High","Correct","e=0.09 (XL)",0.721946183477683
"1807","a","ILV","30","High","Correct","e=0.09 (XL)",0.288667217028594
"1808","c","ILV","30","High","Correct","e=0.09 (XL)",0.00957500153539315
"1809","b","ILV","30","High","Correct","e=0.09 (XL)",0.672896694285703
"1810","a","SEM","30","High","Correct","e=0.09 (XL)",0.287735013274364
"1811","c","SEM","30","High","Correct","e=0.09 (XL)",0.00102207941310641
"1812","b","SEM","30","High","Correct","e=0.09 (XL)",0.682709359144703
"1813","a","SS","30","High","Correct","e=0.09 (XL)",0.699212227302659
"1814","c","SS","30","High","Correct","e=0.09 (XL)",0.045518501272155
"1815","b","SS","30","High","Correct","e=0.09 (XL)",0.788521225879776
"1816","a","BS","30","High","Simple","e=0.09 (XL)",0.379386802039375
"1817","c","BS","30","High","Simple","e=0.09 (XL)",0.110477483453449
"1818","b","BS","30","High","Simple","e=0.09 (XL)",0.685479515256055
"1819","a","RS","30","High","Simple","e=0.09 (XL)",0.422782750678625
"1820","c","RS","30","High","Simple","e=0.09 (XL)",0.0903351805247699
"1821","b","RS","30","High","Simple","e=0.09 (XL)",0.760393967518668
"1822","a","ILV","30","High","Simple","e=0.09 (XL)",0.398701348498973
"1823","c","ILV","30","High","Simple","e=0.09 (XL)",0.10451683277006
"1824","b","ILV","30","High","Simple","e=0.09 (XL)",0.716994152762532
"1825","a","SEM","30","High","Simple","e=0.09 (XL)",0.401192707806059
"1826","c","SEM","30","High","Simple","e=0.09 (XL)",0.100016021103859
"1827","b","SEM","30","High","Simple","e=0.09 (XL)",0.72612130422618
"1828","a","SS","30","High","Simple","e=0.09 (XL)",0.389166702341255
"1829","c","SS","30","High","Simple","e=0.09 (XL)",0.12375226245394
"1830","b","SS","30","High","Simple","e=0.09 (XL)",0.669916907170886
"1831","a","BS","60","High","Correct","e=0.09 (XL)",0.273102554942549
"1832","c","BS","60","High","Correct","e=0.09 (XL)",0.0120021480336646
"1833","b","BS","60","High","Correct","e=0.09 (XL)",0.648275823150973
"1834","a","RS","60","High","Correct","e=0.09 (XL)",0.316800362792394
"1835","c","RS","60","High","Correct","e=0.09 (XL)",-0.0105694729168466
"1836","b","RS","60","High","Correct","e=0.09 (XL)",0.738141319195554
"1837","a","ILV","60","High","Correct","e=0.09 (XL)",0.294619067760035
"1838","c","ILV","60","High","Correct","e=0.09 (XL)",0.00414476322756768
"1839","b","ILV","60","High","Correct","e=0.09 (XL)",0.690964761782183
"1840","a","SEM","60","High","Correct","e=0.09 (XL)",0.295075450118152
"1841","c","SEM","60","High","Correct","e=0.09 (XL)",0.000601531591115705
"1842","b","SEM","60","High","Correct","e=0.09 (XL)",0.69571821422284
"1843","a","SS","60","High","Correct","e=0.09 (XL)",0.704702014773589
"1844","c","SS","60","High","Correct","e=0.09 (XL)",0.0431997346106388
"1845","b","SS","60","High","Correct","e=0.09 (XL)",0.797862892116677
"1846","a","BS","60","High","Simple","e=0.09 (XL)",0.385991537857589
"1847","c","BS","60","High","Simple","e=0.09 (XL)",0.110504490497864
"1848","b","BS","60","High","Simple","e=0.09 (XL)",0.696750360219254
"1849","a","RS","60","High","Simple","e=0.09 (XL)",0.43345551331043
"1850","c","RS","60","High","Simple","e=0.09 (XL)",0.0897692780699646
"1851","b","RS","60","High","Simple","e=0.09 (XL)",0.774307484966584
"1852","a","ILV","60","High","Simple","e=0.09 (XL)",0.407706087324001
"1853","c","ILV","60","High","Simple","e=0.09 (XL)",0.102001567163413
"1854","b","ILV","60","High","Simple","e=0.09 (XL)",0.734787196720872
"1855","a","SEM","60","High","Simple","e=0.09 (XL)",0.409709956131106
"1856","c","SEM","60","High","Simple","e=0.09 (XL)",0.0997764197466305
"1857","b","SEM","60","High","Simple","e=0.09 (XL)",0.738739575175452
"1858","a","SS","60","High","Simple","e=0.09 (XL)",0.392736403576165
"1859","c","SS","60","High","Simple","e=0.09 (XL)",0.12471501550486
"1860","b","SS","60","High","Simple","e=0.09 (XL)",0.677203826122329
"1861","a","BS","100","High","Correct","e=0.09 (XL)",0.272479084938065
"1862","c","BS","100","High","Correct","e=0.09 (XL)",0.0149786879943005
"1863","b","BS","100","High","Correct","e=0.09 (XL)",0.649147734703492
"1864","a","RS","100","High","Correct","e=0.09 (XL)",0.317361491372833
"1865","c","RS","100","High","Correct","e=0.09 (XL)",-0.00772141060922865
"1866","b","RS","100","High","Correct","e=0.09 (XL)",0.741456945602367
"1867","a","ILV","100","High","Correct","e=0.09 (XL)",0.294680399352428
"1868","c","ILV","100","High","Correct","e=0.09 (XL)",0.00565419969392177
"1869","b","ILV","100","High","Correct","e=0.09 (XL)",0.695047424042826
"1870","a","SEM","100","High","Correct","e=0.09 (XL)",0.295007588236059
"1871","c","SEM","100","High","Correct","e=0.09 (XL)",0.00353874280392679
"1872","b","SEM","100","High","Correct","e=0.09 (XL)",0.697863594536987
"1873","a","SS","100","High","Correct","e=0.09 (XL)",0.702570763878646
"1874","c","SS","100","High","Correct","e=0.09 (XL)",0.0414310688130362
"1875","b","SS","100","High","Correct","e=0.09 (XL)",0.79952843929883
"1876","a","BS","100","High","Simple","e=0.09 (XL)",0.384954042395229
"1877","c","BS","100","High","Simple","e=0.09 (XL)",0.110809714735616
"1878","b","BS","100","High","Simple","e=0.09 (XL)",0.69845118910388
"1879","a","RS","100","High","Simple","e=0.09 (XL)",0.433335739069557
"1880","c","RS","100","High","Simple","e=0.09 (XL)",0.0903582879324308
"1881","b","RS","100","High","Simple","e=0.09 (XL)",0.776970808438384
"1882","a","ILV","100","High","Simple","e=0.09 (XL)",0.408490196734596
"1883","c","ILV","100","High","Simple","e=0.09 (XL)",0.101498947268827
"1884","b","ILV","100","High","Simple","e=0.09 (XL)",0.738073408926358
"1885","a","SEM","100","High","Simple","e=0.09 (XL)",0.409088424888966
"1886","c","SEM","100","High","Simple","e=0.09 (XL)",0.100256354930008
"1887","b","SEM","100","High","Simple","e=0.09 (XL)",0.740915100676933
"1888","a","SS","100","High","Simple","e=0.09 (XL)",0.390847495038104
"1889","c","SS","100","High","Simple","e=0.09 (XL)",0.125461022993978
"1890","b","SS","100","High","Simple","e=0.09 (XL)",0.67788317379791
"1891","a","BS","200","High","Correct","e=0.09 (XL)",0.275129720665701
"1892","c","BS","200","High","Correct","e=0.09 (XL)",0.00937666575374394
"1893","b","BS","200","High","Correct","e=0.09 (XL)",0.649893200168867
"1894","a","RS","200","High","Correct","e=0.09 (XL)",0.321108234168602
"1895","c","RS","200","High","Correct","e=0.09 (XL)",-0.0146803398526924
"1896","b","RS","200","High","Correct","e=0.09 (XL)",0.744465662525972
"1897","a","ILV","200","High","Correct","e=0.09 (XL)",0.297878095719336
"1898","c","ILV","200","High","Correct","e=0.09 (XL)",-0.0015277140845804
"1899","b","ILV","200","High","Correct","e=0.09 (XL)",0.698336645017325
"1900","a","SEM","200","High","Correct","e=0.09 (XL)",0.298207779517013
"1901","c","SEM","200","High","Correct","e=0.09 (XL)",-0.00274910937435178
"1902","b","SEM","200","High","Correct","e=0.09 (XL)",0.699756436996913
"1903","a","SS","200","High","Correct","e=0.09 (XL)",0.702025312140805
"1904","c","SS","200","High","Correct","e=0.09 (XL)",0.0372617273152707
"1905","b","SS","200","High","Correct","e=0.09 (XL)",0.801860141282839
"1906","a","BS","200","High","Simple","e=0.09 (XL)",0.386343815861674
"1907","c","BS","200","High","Simple","e=0.09 (XL)",0.106321509091069
"1908","b","BS","200","High","Simple","e=0.09 (XL)",0.700862607730251
"1909","a","RS","200","High","Simple","e=0.09 (XL)",0.435613195998258
"1910","c","RS","200","High","Simple","e=0.09 (XL)",0.0848483269500046
"1911","b","RS","200","High","Simple","e=0.09 (XL)",0.780866062954505
"1912","a","ILV","200","High","Simple","e=0.09 (XL)",0.410516471552547
"1913","c","ILV","200","High","Simple","e=0.09 (XL)",0.0955441720499922
"1914","b","ILV","200","High","Simple","e=0.09 (XL)",0.742452304242337
"1915","a","SEM","200","High","Simple","e=0.09 (XL)",0.410907510441313
"1916","c","SEM","200","High","Simple","e=0.09 (XL)",0.0952397025346278
"1917","b","SEM","200","High","Simple","e=0.09 (XL)",0.744080312130596
"1918","a","SS","200","High","Simple","e=0.09 (XL)",0.390174624384004
"1919","c","SS","200","High","Simple","e=0.09 (XL)",0.121521492954557
"1920","b","SS","200","High","Simple","e=0.09 (XL)",0.680293896672953
"1921","a","BS","300","High","Correct","e=0.09 (XL)",0.276045973359138
"1922","c","BS","300","High","Correct","e=0.09 (XL)",0.011257046991946
"1923","b","BS","300","High","Correct","e=0.09 (XL)",0.649697845330226
"1924","a","RS","300","High","Correct","e=0.09 (XL)",0.322798662254058
"1925","c","RS","300","High","Correct","e=0.09 (XL)",-0.0127843190278133
"1926","b","RS","300","High","Correct","e=0.09 (XL)",0.744815919894032
"1927","a","ILV","300","High","Correct","e=0.09 (XL)",0.299198237946128
"1928","c","ILV","300","High","Correct","e=0.09 (XL)",-0.000154102642890467
"1929","b","ILV","300","High","Correct","e=0.09 (XL)",0.699158470983149
"1930","a","SEM","300","High","Correct","e=0.09 (XL)",0.299499297825909
"1931","c","SEM","300","High","Correct","e=0.09 (XL)",-0.000849585516079868
"1932","b","SEM","300","High","Correct","e=0.09 (XL)",0.699851263315025
"1933","a","SS","300","High","Correct","e=0.09 (XL)",0.703106567885937
"1934","c","SS","300","High","Correct","e=0.09 (XL)",0.0392711050897285
"1935","b","SS","300","High","Correct","e=0.09 (XL)",0.800490285597978
"1936","a","BS","300","High","Simple","e=0.09 (XL)",0.388529418185517
"1937","c","BS","300","High","Simple","e=0.09 (XL)",0.10802112019769
"1938","b","BS","300","High","Simple","e=0.09 (XL)",0.700414193733548
"1939","a","RS","300","High","Simple","e=0.09 (XL)",0.438648776243772
"1940","c","RS","300","High","Simple","e=0.09 (XL)",0.0865640499039187
"1941","b","RS","300","High","Simple","e=0.09 (XL)",0.780706394350219
"1942","a","ILV","300","High","Simple","e=0.09 (XL)",0.41323218163982
"1943","c","ILV","300","High","Simple","e=0.09 (XL)",0.0975906765395842
"1944","b","ILV","300","High","Simple","e=0.09 (XL)",0.742526933028676
"1945","a","SEM","300","High","Simple","e=0.09 (XL)",0.413507901772158
"1946","c","SEM","300","High","Simple","e=0.09 (XL)",0.0969571804197522
"1947","b","SEM","300","High","Simple","e=0.09 (XL)",0.743786799623095
"1948","a","SS","300","High","Simple","e=0.09 (XL)",0.392223562653348
"1949","c","SS","300","High","Simple","e=0.09 (XL)",0.122695209657076
"1950","b","SS","300","High","Simple","e=0.09 (XL)",0.679549991250845
"1951","a","BS","400","High","Correct","e=0.09 (XL)",0.278499335072241
"1952","c","BS","400","High","Correct","e=0.09 (XL)",0.0126197228086682
"1953","b","BS","400","High","Correct","e=0.09 (XL)",0.649657121560812
"1954","a","RS","400","High","Correct","e=0.09 (XL)",0.325735922990202
"1955","c","RS","400","High","Correct","e=0.09 (XL)",-0.0116343768423315
"1956","b","RS","400","High","Correct","e=0.09 (XL)",0.745273801167584
"1957","a","ILV","400","High","Correct","e=0.09 (XL)",0.301998709758993
"1958","c","ILV","400","High","Correct","e=0.09 (XL)",0.000797950445800996
"1959","b","ILV","400","High","Correct","e=0.09 (XL)",0.699590042947387
"1960","a","SEM","400","High","Correct","e=0.09 (XL)",0.302193141955173
"1961","c","SEM","400","High","Correct","e=0.09 (XL)",0.00041363197585452
"1962","b","SEM","400","High","Correct","e=0.09 (XL)",0.700054259317176
"1963","a","SS","400","High","Correct","e=0.09 (XL)",0.70466541486105
"1964","c","SS","400","High","Correct","e=0.09 (XL)",0.0399952592085869
"1965","b","SS","400","High","Correct","e=0.09 (XL)",0.800717531736783
"1966","a","BS","400","High","Simple","e=0.09 (XL)",0.390663286095686
"1967","c","BS","400","High","Simple","e=0.09 (XL)",0.108680645965787
"1968","b","BS","400","High","Simple","e=0.09 (XL)",0.700784761890577
"1969","a","RS","400","High","Simple","e=0.09 (XL)",0.441192100510408
"1970","c","RS","400","High","Simple","e=0.09 (XL)",0.0871108672848881
"1971","b","RS","400","High","Simple","e=0.09 (XL)",0.781330788603976
"1972","a","ILV","400","High","Simple","e=0.09 (XL)",0.41557988430473
"1973","c","ILV","400","High","Simple","e=0.09 (XL)",0.0978738203719348
"1974","b","ILV","400","High","Simple","e=0.09 (XL)",0.743576540394343
"1975","a","SEM","400","High","Simple","e=0.09 (XL)",0.415844337250365
"1976","c","SEM","400","High","Simple","e=0.09 (XL)",0.0975649787670329
"1977","b","SEM","400","High","Simple","e=0.09 (XL)",0.744279248385641
"1978","a","SS","400","High","Simple","e=0.09 (XL)",0.394423380363526
"1979","c","SS","400","High","Simple","e=0.09 (XL)",0.123360490313999
"1980","b","SS","400","High","Simple","e=0.09 (XL)",0.680721153378902
"1981","a","BS","30","High","Correct","e=0.03 (XL)",0.269776778295897
"1982","c","BS","30","High","Correct","e=0.03 (XL)",0.00562158503498232
"1983","b","BS","30","High","Correct","e=0.03 (XL)",0.653599400549479
"1984","a","RS","30","High","Correct","e=0.03 (XL)",0.30245594109083
"1985","c","RS","30","High","Correct","e=0.03 (XL)",-0.0173696988555109
"1986","b","RS","30","High","Correct","e=0.03 (XL)",0.732995783807089
"1987","a","ILV","30","High","Correct","e=0.03 (XL)",0.285596726153299
"1988","c","ILV","30","High","Correct","e=0.03 (XL)",0.00182539148100533
"1989","b","ILV","30","High","Correct","e=0.03 (XL)",0.684946560965662
"1990","a","SEM","30","High","Correct","e=0.03 (XL)",0.286303371215824
"1991","c","SEM","30","High","Correct","e=0.03 (XL)",-0.00616057031434541
"1992","b","SEM","30","High","Correct","e=0.03 (XL)",0.695477445210423
"1993","a","SS","30","High","Correct","e=0.03 (XL)",0.674859519799551
"1994","c","SS","30","High","Correct","e=0.03 (XL)",-0.00457776464163497
"1995","b","SS","30","High","Correct","e=0.03 (XL)",0.784640182221105
"1996","a","BS","30","High","Simple","e=0.03 (XL)",0.305129248396937
"1997","c","BS","30","High","Simple","e=0.03 (XL)",0.0375644899625708
"1998","b","BS","30","High","Simple","e=0.03 (XL)",0.670599251058165
"1999","a","RS","30","High","Simple","e=0.03 (XL)",0.338760301457138
"2000","c","RS","30","High","Simple","e=0.03 (XL)",0.0132232249587861
"2001","b","RS","30","High","Simple","e=0.03 (XL)",0.751355438890562
"2002","a","ILV","30","High","Simple","e=0.03 (XL)",0.31915515341575
"2003","c","ILV","30","High","Simple","e=0.03 (XL)",0.0284727611763509
"2004","b","ILV","30","High","Simple","e=0.03 (XL)",0.70648757826305
"2005","a","SEM","30","High","Simple","e=0.03 (XL)",0.322103173089632
"2006","c","SEM","30","High","Simple","e=0.03 (XL)",0.0249841013191393
"2007","b","SEM","30","High","Simple","e=0.03 (XL)",0.713562209619979
"2008","a","SS","30","High","Simple","e=0.03 (XL)",0.307969691287348
"2009","c","SS","30","High","Simple","e=0.03 (XL)",0.0432433868899713
"2010","b","SS","30","High","Simple","e=0.03 (XL)",0.664287158251033
"2011","a","BS","60","High","Correct","e=0.03 (XL)",0.275627052987518
"2012","c","BS","60","High","Correct","e=0.03 (XL)",0.0129094810686955
"2013","b","BS","60","High","Correct","e=0.03 (XL)",0.65148983745717
"2014","a","RS","60","High","Correct","e=0.03 (XL)",0.312194211987684
"2015","c","RS","60","High","Correct","e=0.03 (XL)",-0.0102793463122318
"2016","b","RS","60","High","Correct","e=0.03 (XL)",0.736443721973525
"2017","a","ILV","60","High","Correct","e=0.03 (XL)",0.293695805712684
"2018","c","ILV","60","High","Correct","e=0.03 (XL)",0.0043536298034985
"2019","b","ILV","60","High","Correct","e=0.03 (XL)",0.692231045620861
"2020","a","SEM","60","High","Correct","e=0.03 (XL)",0.294028362727471
"2021","c","SEM","60","High","Correct","e=0.03 (XL)",0.00109830468224445
"2022","b","SEM","60","High","Correct","e=0.03 (XL)",0.696232144383727
"2023","a","SS","60","High","Correct","e=0.03 (XL)",0.67506119074924
"2024","c","SS","60","High","Correct","e=0.03 (XL)",0.00246170822498756
"2025","b","SS","60","High","Correct","e=0.03 (XL)",0.782255292445269
"2026","a","BS","60","High","Simple","e=0.03 (XL)",0.31154218899032
"2027","c","BS","60","High","Simple","e=0.03 (XL)",0.046579931831371
"2028","b","BS","60","High","Simple","e=0.03 (XL)",0.667617772948533
"2029","a","RS","60","High","Simple","e=0.03 (XL)",0.348306112783732
"2030","c","RS","60","High","Simple","e=0.03 (XL)",0.0234362534589376
"2031","b","RS","60","High","Simple","e=0.03 (XL)",0.749888464035301
"2032","a","ILV","60","High","Simple","e=0.03 (XL)",0.328937604677565
"2033","c","ILV","60","High","Simple","e=0.03 (XL)",0.0367427654361142
"2034","b","ILV","60","High","Simple","e=0.03 (XL)",0.707914709409537
"2035","a","SEM","60","High","Simple","e=0.03 (XL)",0.330000020677907
"2036","c","SEM","60","High","Simple","e=0.03 (XL)",0.0347175387438934
"2037","b","SEM","60","High","Simple","e=0.03 (XL)",0.711191208359098
"2038","a","SS","60","High","Simple","e=0.03 (XL)",0.312604655134449
"2039","c","SS","60","High","Simple","e=0.03 (XL)",0.0510204292809865
"2040","b","SS","60","High","Simple","e=0.03 (XL)",0.663520187667834
"2041","a","BS","100","High","Correct","e=0.03 (XL)",0.280570205309238
"2042","c","BS","100","High","Correct","e=0.03 (XL)",0.0131475661173389
"2043","b","BS","100","High","Correct","e=0.03 (XL)",0.652467708321861
"2044","a","RS","100","High","Correct","e=0.03 (XL)",0.319169950952097
"2045","c","RS","100","High","Correct","e=0.03 (XL)",-0.0112660909215093
"2046","b","RS","100","High","Correct","e=0.03 (XL)",0.740205811840022
"2047","a","ILV","100","High","Correct","e=0.03 (XL)",0.299707524177867
"2048","c","ILV","100","High","Correct","e=0.03 (XL)",0.00219629414455016
"2049","b","ILV","100","High","Correct","e=0.03 (XL)",0.696146831125102
"2050","a","SEM","100","High","Correct","e=0.03 (XL)",0.299973704519748
"2051","c","SEM","100","High","Correct","e=0.03 (XL)",0.000738380671639464
"2052","b","SEM","100","High","Correct","e=0.03 (XL)",0.698623347839102
"2053","a","SS","100","High","Correct","e=0.03 (XL)",0.679674000006172
"2054","c","SS","100","High","Correct","e=0.03 (XL)",0.00482021401291603
"2055","b","SS","100","High","Correct","e=0.03 (XL)",0.780202424541515
"2056","a","BS","100","High","Simple","e=0.03 (XL)",0.316626572118307
"2057","c","BS","100","High","Simple","e=0.03 (XL)",0.0457492004146503
"2058","b","BS","100","High","Simple","e=0.03 (XL)",0.66953782015399
"2059","a","RS","100","High","Simple","e=0.03 (XL)",0.355161361912906
"2060","c","RS","100","High","Simple","e=0.03 (XL)",0.0217214819895705
"2061","b","RS","100","High","Simple","e=0.03 (XL)",0.753373173563685
"2062","a","ILV","100","High","Simple","e=0.03 (XL)",0.335348348792792
"2063","c","ILV","100","High","Simple","e=0.03 (XL)",0.0346863113725089
"2064","b","ILV","100","High","Simple","e=0.03 (XL)",0.711532908585013
"2065","a","SEM","100","High","Simple","e=0.03 (XL)",0.335950652188478
"2066","c","SEM","100","High","Simple","e=0.03 (XL)",0.033467507961273
"2067","b","SEM","100","High","Simple","e=0.03 (XL)",0.713854835927303
"2068","a","SS","100","High","Simple","e=0.03 (XL)",0.318064617379778
"2069","c","SS","100","High","Simple","e=0.03 (XL)",0.0507304470719945
"2070","b","SS","100","High","Simple","e=0.03 (XL)",0.663829229442545
"2071","a","BS","200","High","Correct","e=0.03 (XL)",0.280397433937876
"2072","c","BS","200","High","Correct","e=0.03 (XL)",0.0117343033967293
"2073","b","BS","200","High","Correct","e=0.03 (XL)",0.653756678698836
"2074","a","RS","200","High","Correct","e=0.03 (XL)",0.319571434059044
"2075","c","RS","200","High","Correct","e=0.03 (XL)",-0.0132459526722252
"2076","b","RS","200","High","Correct","e=0.03 (XL)",0.74333128849052
"2077","a","ILV","200","High","Correct","e=0.03 (XL)",0.299835646100032
"2078","c","ILV","200","High","Correct","e=0.03 (XL)",-0.000138493694717076
"2079","b","ILV","200","High","Correct","e=0.03 (XL)",0.699746538951928
"2080","a","SEM","200","High","Correct","e=0.03 (XL)",0.300076346394077
"2081","c","SEM","200","High","Correct","e=0.03 (XL)",-0.000960023617258513
"2082","b","SEM","200","High","Correct","e=0.03 (XL)",0.700874699401645
"2083","a","SS","200","High","Correct","e=0.03 (XL)",0.67910383986178
"2084","c","SS","200","High","Correct","e=0.03 (XL)",0.00163545964020742
"2085","b","SS","200","High","Correct","e=0.03 (XL)",0.78340191665794
"2086","a","BS","200","High","Simple","e=0.03 (XL)",0.31668048956901
"2087","c","BS","200","High","Simple","e=0.03 (XL)",0.0436740696015895
"2088","b","BS","200","High","Simple","e=0.03 (XL)",0.672274792044846
"2089","a","RS","200","High","Simple","e=0.03 (XL)",0.35559218253715
"2090","c","RS","200","High","Simple","e=0.03 (XL)",0.0193412722823617
"2091","b","RS","200","High","Simple","e=0.03 (XL)",0.75694952499706
"2092","a","ILV","200","High","Simple","e=0.03 (XL)",0.335795915622901
"2093","c","ILV","200","High","Simple","e=0.03 (XL)",0.0314132575853511
"2094","b","ILV","200","High","Simple","e=0.03 (XL)",0.716143605415608
"2095","a","SEM","200","High","Simple","e=0.03 (XL)",0.336179168925921
"2096","c","SEM","200","High","Simple","e=0.03 (XL)",0.0312391693987639
"2097","b","SEM","200","High","Simple","e=0.03 (XL)",0.717022720554174
"2098","a","SS","200","High","Simple","e=0.03 (XL)",0.317533090473906
"2099","c","SS","200","High","Simple","e=0.03 (XL)",0.0481051940611508
"2100","b","SS","200","High","Simple","e=0.03 (XL)",0.666281448925164
"2101","a","BS","300","High","Correct","e=0.03 (XL)",0.278456987380331
"2102","c","BS","300","High","Correct","e=0.03 (XL)",0.0110632616396379
"2103","b","BS","300","High","Correct","e=0.03 (XL)",0.65082434377897
"2104","a","RS","300","High","Correct","e=0.03 (XL)",0.317893643236883
"2105","c","RS","300","High","Correct","e=0.03 (XL)",-0.0138885482540558
"2106","b","RS","300","High","Correct","e=0.03 (XL)",0.740760730427231
"2107","a","ILV","300","High","Correct","e=0.03 (XL)",0.298035265230016
"2108","c","ILV","300","High","Correct","e=0.03 (XL)",-0.00102000134485011
"2109","b","ILV","300","High","Correct","e=0.03 (XL)",0.697321103507015
"2110","a","SEM","300","High","Correct","e=0.03 (XL)",0.298262852346195
"2111","c","SEM","300","High","Correct","e=0.03 (XL)",-0.00159496591481119
"2112","b","SEM","300","High","Correct","e=0.03 (XL)",0.698072059006783
"2113","a","SS","300","High","Correct","e=0.03 (XL)",0.678116349261836
"2114","c","SS","300","High","Correct","e=0.03 (XL)",0.00358869558520451
"2115","b","SS","300","High","Correct","e=0.03 (XL)",0.780701829957194
"2116","a","BS","300","High","Simple","e=0.03 (XL)",0.315022294536895
"2117","c","BS","300","High","Simple","e=0.03 (XL)",0.04302633236249
"2118","b","BS","300","High","Simple","e=0.03 (XL)",0.669640971011482
"2119","a","RS","300","High","Simple","e=0.03 (XL)",0.35413561295384
"2120","c","RS","300","High","Simple","e=0.03 (XL)",0.0187723804629337
"2121","b","RS","300","High","Simple","e=0.03 (XL)",0.754523637247584
"2122","a","ILV","300","High","Simple","e=0.03 (XL)",0.334441086288951
"2123","c","ILV","300","High","Simple","e=0.03 (XL)",0.03110707437396
"2124","b","ILV","300","High","Simple","e=0.03 (XL)",0.713837757366124
"2125","a","SEM","300","High","Simple","e=0.03 (XL)",0.334616782761134
"2126","c","SEM","300","High","Simple","e=0.03 (XL)",0.0306540476748503
"2127","b","SEM","300","High","Simple","e=0.03 (XL)",0.714434509675131
"2128","a","SS","300","High","Simple","e=0.03 (XL)",0.315651839729177
"2129","c","SS","300","High","Simple","e=0.03 (XL)",0.0480306942693789
"2130","b","SS","300","High","Simple","e=0.03 (XL)",0.664493447823705
"2131","a","BS","400","High","Correct","e=0.03 (XL)",0.278903823220001
"2132","c","BS","400","High","Correct","e=0.03 (XL)",0.0118411266542919
"2133","b","BS","400","High","Correct","e=0.03 (XL)",0.654064631178908
"2134","a","RS","400","High","Correct","e=0.03 (XL)",0.318609921764659
"2135","c","RS","400","High","Correct","e=0.03 (XL)",-0.012955891547887
"2136","b","RS","400","High","Correct","e=0.03 (XL)",0.743947910271661
"2137","a","ILV","400","High","Correct","e=0.03 (XL)",0.29863579141875
"2138","c","ILV","400","High","Correct","e=0.03 (XL)",-0.000261453510622113
"2139","b","ILV","400","High","Correct","e=0.03 (XL)",0.700689674649505
"2140","a","SEM","400","High","Correct","e=0.03 (XL)",0.298833112975327
"2141","c","SEM","400","High","Correct","e=0.03 (XL)",-0.000746551666604749
"2142","b","SEM","400","High","Correct","e=0.03 (XL)",0.701329299548199
"2143","a","SS","400","High","Correct","e=0.03 (XL)",0.679584913398088
"2144","c","SS","400","High","Correct","e=0.03 (XL)",0.00227770602599367
"2145","b","SS","400","High","Correct","e=0.03 (XL)",0.782863191416844
"2146","a","BS","400","High","Simple","e=0.03 (XL)",0.315342077842583
"2147","c","BS","400","High","Simple","e=0.03 (XL)",0.0440870740854927
"2148","b","BS","400","High","Simple","e=0.03 (XL)",0.672188825579516
"2149","a","RS","400","High","Simple","e=0.03 (XL)",0.354749796964041
"2150","c","RS","400","High","Simple","e=0.03 (XL)",0.0200399232156876
"2151","b","RS","400","High","Simple","e=0.03 (XL)",0.756883407806922
"2152","a","ILV","400","High","Simple","e=0.03 (XL)",0.3349890742333
"2153","c","ILV","400","High","Simple","e=0.03 (XL)",0.0320286626493836
"2154","b","ILV","400","High","Simple","e=0.03 (XL)",0.716473052120716
"2155","a","SEM","400","High","Simple","e=0.03 (XL)",0.335072845836439
"2156","c","SEM","400","High","Simple","e=0.03 (XL)",0.0318141054871888
"2157","b","SEM","400","High","Simple","e=0.03 (XL)",0.716919723917889
"2158","a","SS","400","High","Simple","e=0.03 (XL)",0.316923498006095
"2159","c","SS","400","High","Simple","e=0.03 (XL)",0.0487708209335467
"2160","b","SS","400","High","Simple","e=0.03 (XL)",0.664648535233827
"2161","a","BS","30","High","Correct","e=0",0.277252458173772
"2162","c","BS","30","High","Correct","e=0",0.0141404671593709
"2163","b","BS","30","High","Correct","e=0",0.646500363667191
"2164","a","RS","30","High","Correct","e=0",0.307722161088609
"2165","c","RS","30","High","Correct","e=0",-0.00955722645352499
"2166","b","RS","30","High","Correct","e=0",0.726390768124339
"2167","a","ILV","30","High","Correct","e=0",0.290395209061067
"2168","c","ILV","30","High","Correct","e=0",0.00612292683437845
"2169","b","ILV","30","High","Correct","e=0",0.682101782399683
"2170","a","SEM","30","High","Correct","e=0",0.292664171250718
"2171","c","SEM","30","High","Correct","e=0",0.00195975135144821
"2172","b","SEM","30","High","Correct","e=0",0.68865822373898
"2173","a","SS","30","High","Correct","e=0",0.276648476250336
"2174","c","SS","30","High","Correct","e=0",0.0156153729995189
"2175","b","SS","30","High","Correct","e=0",0.640400541876725
"2176","a","BS","30","High","Simple","e=0",0.277252458173772
"2177","c","BS","30","High","Simple","e=0",0.0141404671593709
"2178","b","BS","30","High","Simple","e=0",0.646500363667191
"2179","a","RS","30","High","Simple","e=0",0.307722161088609
"2180","c","RS","30","High","Simple","e=0",-0.00955722645352499
"2181","b","RS","30","High","Simple","e=0",0.726390768124339
"2182","a","ILV","30","High","Simple","e=0",0.290395209061067
"2183","c","ILV","30","High","Simple","e=0",0.00612292683437845
"2184","b","ILV","30","High","Simple","e=0",0.682101782399683
"2185","a","SEM","30","High","Simple","e=0",0.292664171250718
"2186","c","SEM","30","High","Simple","e=0",0.00195975135144821
"2187","b","SEM","30","High","Simple","e=0",0.68865822373898
"2188","a","SS","30","High","Simple","e=0",0.276648476250336
"2189","c","SS","30","High","Simple","e=0",0.0156153729995189
"2190","b","SS","30","High","Simple","e=0",0.640400541876725
"2191","a","BS","60","High","Correct","e=0",0.27865092251648
"2192","c","BS","60","High","Correct","e=0",0.0116958894639025
"2193","b","BS","60","High","Correct","e=0",0.65449179758032
"2194","a","RS","60","High","Correct","e=0",0.311827750954233
"2195","c","RS","60","High","Correct","e=0",-0.013274075393046
"2196","b","RS","60","High","Correct","e=0",0.738852034765222
"2197","a","ILV","60","High","Correct","e=0",0.294131186068007
"2198","c","ILV","60","High","Correct","e=0",0.000540305536722941
"2199","b","ILV","60","High","Correct","e=0",0.695232506732534
"2200","a","SEM","60","High","Correct","e=0",0.295366763935878
"2201","c","SEM","60","High","Correct","e=0",-0.00107401000132979
"2202","b","SEM","60","High","Correct","e=0",0.698873449477363
"2203","a","SS","60","High","Correct","e=0",0.277946336520376
"2204","c","SS","60","High","Correct","e=0",0.0138010765402902
"2205","b","SS","60","High","Correct","e=0",0.650279383059173
"2206","a","BS","60","High","Simple","e=0",0.27865092251648
"2207","c","BS","60","High","Simple","e=0",0.0116958894639025
"2208","b","BS","60","High","Simple","e=0",0.65449179758032
"2209","a","RS","60","High","Simple","e=0",0.311827750954233
"2210","c","RS","60","High","Simple","e=0",-0.013274075393046
"2211","b","RS","60","High","Simple","e=0",0.738852034765222
"2212","a","ILV","60","High","Simple","e=0",0.294131186068007
"2213","c","ILV","60","High","Simple","e=0",0.000540305536722941
"2214","b","ILV","60","High","Simple","e=0",0.695232506732534
"2215","a","SEM","60","High","Simple","e=0",0.295366763935878
"2216","c","SEM","60","High","Simple","e=0",-0.00107401000132979
"2217","b","SEM","60","High","Simple","e=0",0.698873449477363
"2218","a","SS","60","High","Simple","e=0",0.277946336520376
"2219","c","SS","60","High","Simple","e=0",0.0138010765402902
"2220","b","SS","60","High","Simple","e=0",0.650279383059173
"2221","a","BS","100","High","Correct","e=0",0.279504829607256
"2222","c","BS","100","High","Correct","e=0",0.0108716115822498
"2223","b","BS","100","High","Correct","e=0",0.652405447858334
"2224","a","RS","100","High","Correct","e=0",0.313831986094515
"2225","c","RS","100","High","Correct","e=0",-0.0142702510498886
"2226","b","RS","100","High","Correct","e=0",0.737722983986568
"2227","a","ILV","100","High","Correct","e=0",0.296030395603125
"2228","c","ILV","100","High","Correct","e=0",-0.00109450141896953
"2229","b","ILV","100","High","Correct","e=0",0.694747550727336
"2230","a","SEM","100","High","Correct","e=0",0.296776207023812
"2231","c","SEM","100","High","Correct","e=0",-0.00195928499845983
"2232","b","SEM","100","High","Correct","e=0",0.697207747940175
"2233","a","SS","100","High","Correct","e=0",0.278358846777295
"2234","c","SS","100","High","Correct","e=0",0.0125384645847189
"2235","b","SS","100","High","Correct","e=0",0.64768796002272
"2236","a","BS","100","High","Simple","e=0",0.279504829607256
"2237","c","BS","100","High","Simple","e=0",0.0108716115822498
"2238","b","BS","100","High","Simple","e=0",0.652405447858334
"2239","a","RS","100","High","Simple","e=0",0.313831986094515
"2240","c","RS","100","High","Simple","e=0",-0.0142702510498886
"2241","b","RS","100","High","Simple","e=0",0.737722983986568
"2242","a","ILV","100","High","Simple","e=0",0.296030395603125
"2243","c","ILV","100","High","Simple","e=0",-0.00109450141896953
"2244","b","ILV","100","High","Simple","e=0",0.694747550727336
"2245","a","SEM","100","High","Simple","e=0",0.296776207023812
"2246","c","SEM","100","High","Simple","e=0",-0.00195928499845983
"2247","b","SEM","100","High","Simple","e=0",0.697207747940175
"2248","a","SS","100","High","Simple","e=0",0.278358846777295
"2249","c","SS","100","High","Simple","e=0",0.0125384645847189
"2250","b","SS","100","High","Simple","e=0",0.64768796002272
"2251","a","BS","200","High","Correct","e=0",0.280819128294994
"2252","c","BS","200","High","Correct","e=0",0.0124203161490788
"2253","b","BS","200","High","Correct","e=0",0.652843316297821
"2254","a","RS","200","High","Correct","e=0",0.315987461209218
"2255","c","RS","200","High","Correct","e=0",-0.0127512143847927
"2256","b","RS","200","High","Correct","e=0",0.739159864343635
"2257","a","ILV","200","High","Correct","e=0",0.298159172034176
"2258","c","ILV","200","High","Correct","e=0",-6.46105181727613e-05
"2259","b","ILV","200","High","Correct","e=0",0.697495329267893
"2260","a","SEM","200","High","Correct","e=0",0.298494386982544
"2261","c","SEM","200","High","Correct","e=0",-0.000404613128155573
"2262","b","SEM","200","High","Correct","e=0",0.698133575032421
"2263","a","SS","200","High","Correct","e=0",0.278888152096448
"2264","c","SS","200","High","Correct","e=0",0.0140819284930549
"2265","b","SS","200","High","Correct","e=0",0.648289114273945
"2266","a","BS","200","High","Simple","e=0",0.280819128294994
"2267","c","BS","200","High","Simple","e=0",0.0124203161490788
"2268","b","BS","200","High","Simple","e=0",0.652843316297821
"2269","a","RS","200","High","Simple","e=0",0.315987461209218
"2270","c","RS","200","High","Simple","e=0",-0.0127512143847927
"2271","b","RS","200","High","Simple","e=0",0.739159864343635
"2272","a","ILV","200","High","Simple","e=0",0.298159172034176
"2273","c","ILV","200","High","Simple","e=0",-6.46105181727613e-05
"2274","b","ILV","200","High","Simple","e=0",0.697495329267893
"2275","a","SEM","200","High","Simple","e=0",0.298494386982544
"2276","c","SEM","200","High","Simple","e=0",-0.000404613128155573
"2277","b","SEM","200","High","Simple","e=0",0.698133575032421
"2278","a","SS","200","High","Simple","e=0",0.278888152096448
"2279","c","SS","200","High","Simple","e=0",0.0140819284930549
"2280","b","SS","200","High","Simple","e=0",0.648289114273945
"2281","a","BS","300","High","Correct","e=0",0.28246814932341
"2282","c","BS","300","High","Correct","e=0",0.0128034847525426
"2283","b","BS","300","High","Correct","e=0",0.65402795876917
"2284","a","RS","300","High","Correct","e=0",0.317989930139733
"2285","c","RS","300","High","Correct","e=0",-0.0124799134488033
"2286","b","RS","300","High","Correct","e=0",0.740445875914179
"2287","a","ILV","300","High","Correct","e=0",0.300034981015026
"2288","c","ILV","300","High","Correct","e=0",0.000251312660854126
"2289","b","ILV","300","High","Correct","e=0",0.698865893995099
"2290","a","SEM","300","High","Correct","e=0",0.300314647748927
"2291","c","SEM","300","High","Correct","e=0",-7.35812134741211e-05
"2292","b","SEM","300","High","Correct","e=0",0.699366271827536
"2293","a","SS","300","High","Correct","e=0",0.28079524684206
"2294","c","SS","300","High","Correct","e=0",0.0140646758235796
"2295","b","SS","300","High","Correct","e=0",0.648091161620284
"2296","a","BS","300","High","Simple","e=0",0.28246814932341
"2297","c","BS","300","High","Simple","e=0",0.0128034847525426
"2298","b","BS","300","High","Simple","e=0",0.65402795876917
"2299","a","RS","300","High","Simple","e=0",0.317989930139733
"2300","c","RS","300","High","Simple","e=0",-0.0124799134488033
"2301","b","RS","300","High","Simple","e=0",0.740445875914179
"2302","a","ILV","300","High","Simple","e=0",0.300034981015026
"2303","c","ILV","300","High","Simple","e=0",0.000251312660854126
"2304","b","ILV","300","High","Simple","e=0",0.698865893995099
"2305","a","SEM","300","High","Simple","e=0",0.300314647748927
"2306","c","SEM","300","High","Simple","e=0",-7.35812134741211e-05
"2307","b","SEM","300","High","Simple","e=0",0.699366271827536
"2308","a","SS","300","High","Simple","e=0",0.28079524684206
"2309","c","SS","300","High","Simple","e=0",0.0140646758235796
"2310","b","SS","300","High","Simple","e=0",0.648091161620284
"2311","a","BS","400","High","Correct","e=0",0.282846641591151
"2312","c","BS","400","High","Correct","e=0",0.0130283736729037
"2313","b","BS","400","High","Correct","e=0",0.654789171180882
"2314","a","RS","400","High","Correct","e=0",0.318473770287311
"2315","c","RS","400","High","Correct","e=0",-0.0122810206571792
"2316","b","RS","400","High","Correct","e=0",0.741425064148043
"2317","a","ILV","400","High","Correct","e=0",0.300550466598467
"2318","c","ILV","400","High","Correct","e=0",0.000374231521638892
"2319","b","ILV","400","High","Correct","e=0",0.699610473346702
"2320","a","SEM","400","High","Correct","e=0",0.300743349396405
"2321","c","SEM","400","High","Correct","e=0",0.000137772278686496
"2322","b","SEM","400","High","Correct","e=0",0.700243406499135
"2323","a","SS","400","High","Correct","e=0",0.281206398886193
"2324","c","SS","400","High","Correct","e=0",0.0145540860264892
"2325","b","SS","400","High","Correct","e=0",0.649570665576419
"2326","a","BS","400","High","Simple","e=0",0.282846641591151
"2327","c","BS","400","High","Simple","e=0",0.0130283736729037
"2328","b","BS","400","High","Simple","e=0",0.654789171180882
"2329","a","RS","400","High","Simple","e=0",0.318473770287311
"2330","c","RS","400","High","Simple","e=0",-0.0122810206571792
"2331","b","RS","400","High","Simple","e=0",0.741425064148043
"2332","a","ILV","400","High","Simple","e=0",0.300550466598467
"2333","c","ILV","400","High","Simple","e=0",0.000374231521638892
"2334","b","ILV","400","High","Simple","e=0",0.699610473346702
"2335","a","SEM","400","High","Simple","e=0",0.300743349396405
"2336","c","SEM","400","High","Simple","e=0",0.000137772278686496
"2337","b","SEM","400","High","Simple","e=0",0.700243406499135
"2338","a","SS","400","High","Simple","e=0",0.281206398886193
"2339","c","SS","400","High","Simple","e=0",0.0145540860264892
"2340","b","SS","400","High","Simple","e=0",0.649570665576419
"2341","a","BS","30","High","Correct","e=0.03 (RC)",0.283549667774946
"2342","c","BS","30","High","Correct","e=0.03 (RC)",0.0142711058680741
"2343","b","BS","30","High","Correct","e=0.03 (RC)",0.646869821470152
"2344","a","RS","30","High","Correct","e=0.03 (RC)",0.313714073351399
"2345","c","RS","30","High","Correct","e=0.03 (RC)",-0.00914137735924622
"2346","b","RS","30","High","Correct","e=0.03 (RC)",0.723385147152878
"2347","a","ILV","30","High","Correct","e=0.03 (RC)",0.295122330899285
"2348","c","ILV","30","High","Correct","e=0.03 (RC)",0.00731924206038444
"2349","b","ILV","30","High","Correct","e=0.03 (RC)",0.677751548648255
"2350","a","SEM","30","High","Correct","e=0.03 (RC)",0.298764450768874
"2351","c","SEM","30","High","Correct","e=0.03 (RC)",0.00224206758163807
"2352","b","SEM","30","High","Correct","e=0.03 (RC)",0.687174037938064
"2353","a","SS","30","High","Correct","e=0.03 (RC)",0.281674285722072
"2354","c","SS","30","High","Correct","e=0.03 (RC)",0.02086770718488
"2355","b","SS","30","High","Correct","e=0.03 (RC)",0.634343120228264
"2356","a","BS","30","High","Simple","e=0.03 (RC)",0.279965673851046
"2357","c","BS","30","High","Simple","e=0.03 (RC)",0.0169834483753942
"2358","b","BS","30","High","Simple","e=0.03 (RC)",0.638676838779971
"2359","a","RS","30","High","Simple","e=0.03 (RC)",0.309650031563679
"2360","c","RS","30","High","Simple","e=0.03 (RC)",-0.00512081393721689
"2361","b","RS","30","High","Simple","e=0.03 (RC)",0.71346420172736
"2362","a","ILV","30","High","Simple","e=0.03 (RC)",0.29380410937292
"2363","c","ILV","30","High","Simple","e=0.03 (RC)",0.00933563601283614
"2364","b","ILV","30","High","Simple","e=0.03 (RC)",0.671397681538641
"2365","a","SEM","30","High","Simple","e=0.03 (RC)",0.294963425867484
"2366","c","SEM","30","High","Simple","e=0.03 (RC)",0.00569449992719378
"2367","b","SEM","30","High","Simple","e=0.03 (RC)",0.677887369078987
"2368","a","SS","30","High","Simple","e=0.03 (RC)",0.281674285722072
"2369","c","SS","30","High","Simple","e=0.03 (RC)",0.02086770718488
"2370","b","SS","30","High","Simple","e=0.03 (RC)",0.634343120228264
"2371","a","BS","60","High","Correct","e=0.03 (RC)",0.282016987358504
"2372","c","BS","60","High","Correct","e=0.03 (RC)",0.0147318969168066
"2373","b","BS","60","High","Correct","e=0.03 (RC)",0.648299985451712
"2374","a","RS","60","High","Correct","e=0.03 (RC)",0.316775770865382
"2375","c","RS","60","High","Correct","e=0.03 (RC)",-0.0115265630125703
"2376","b","RS","60","High","Correct","e=0.03 (RC)",0.737029058425016
"2377","a","ILV","60","High","Correct","e=0.03 (RC)",0.297471263075133
"2378","c","ILV","60","High","Correct","e=0.03 (RC)",0.00381383121629807
"2379","b","ILV","60","High","Correct","e=0.03 (RC)",0.689243334607274
"2380","a","SEM","60","High","Correct","e=0.03 (RC)",0.299532909667297
"2381","c","SEM","60","High","Correct","e=0.03 (RC)",0.00127685476530999
"2382","b","SEM","60","High","Correct","e=0.03 (RC)",0.695092493076989
"2383","a","SS","60","High","Correct","e=0.03 (RC)",0.280575780517922
"2384","c","SS","60","High","Correct","e=0.03 (RC)",0.0177941467972092
"2385","b","SS","60","High","Correct","e=0.03 (RC)",0.640684771510341
"2386","a","BS","60","High","Simple","e=0.03 (RC)",0.280496382875592
"2387","c","BS","60","High","Simple","e=0.03 (RC)",0.0153642559551646
"2388","b","BS","60","High","Simple","e=0.03 (RC)",0.645380746974851
"2389","a","RS","60","High","Simple","e=0.03 (RC)",0.312155470892205
"2390","c","RS","60","High","Simple","e=0.03 (RC)",-0.00752241728409625
"2391","b","RS","60","High","Simple","e=0.03 (RC)",0.72411128340284
"2392","a","ILV","60","High","Simple","e=0.03 (RC)",0.295313951925642
"2393","c","ILV","60","High","Simple","e=0.03 (RC)",0.00517178071395127
"2394","b","ILV","60","High","Simple","e=0.03 (RC)",0.683735848871665
"2395","a","SEM","60","High","Simple","e=0.03 (RC)",0.296434973887848
"2396","c","SEM","60","High","Simple","e=0.03 (RC)",0.0036983522315296
"2397","b","SEM","60","High","Simple","e=0.03 (RC)",0.686609276721475
"2398","a","SS","60","High","Simple","e=0.03 (RC)",0.280575780517922
"2399","c","SS","60","High","Simple","e=0.03 (RC)",0.0177941467972092
"2400","b","SS","60","High","Simple","e=0.03 (RC)",0.640684771510341
"2401","a","BS","100","High","Correct","e=0.03 (RC)",0.282041407140015
"2402","c","BS","100","High","Correct","e=0.03 (RC)",0.0136362008008784
"2403","b","BS","100","High","Correct","e=0.03 (RC)",0.649038664589975
"2404","a","RS","100","High","Correct","e=0.03 (RC)",0.319443300993401
"2405","c","RS","100","High","Correct","e=0.03 (RC)",-0.0136599486550771
"2406","b","RS","100","High","Correct","e=0.03 (RC)",0.741148687158986
"2407","a","ILV","100","High","Correct","e=0.03 (RC)",0.299238999907291
"2408","c","ILV","100","High","Correct","e=0.03 (RC)",0.00114745247252849
"2409","b","ILV","100","High","Correct","e=0.03 (RC)",0.693612443366286
"2410","a","SEM","100","High","Correct","e=0.03 (RC)",0.300867351397922
"2411","c","SEM","100","High","Correct","e=0.03 (RC)",-0.0003228341631662
"2412","b","SEM","100","High","Correct","e=0.03 (RC)",0.697618067574472
"2413","a","SS","100","High","Correct","e=0.03 (RC)",0.280268346618428
"2414","c","SS","100","High","Correct","e=0.03 (RC)",0.0157940809058715
"2415","b","SS","100","High","Correct","e=0.03 (RC)",0.644469606658742
"2416","a","BS","100","High","Simple","e=0.03 (RC)",0.281280310669506
"2417","c","BS","100","High","Simple","e=0.03 (RC)",0.0143341625084682
"2418","b","BS","100","High","Simple","e=0.03 (RC)",0.646487805591299
"2419","a","RS","100","High","Simple","e=0.03 (RC)",0.313909665492403
"2420","c","RS","100","High","Simple","e=0.03 (RC)",-0.00892930573562563
"2421","b","RS","100","High","Simple","e=0.03 (RC)",0.726713020282625
"2422","a","ILV","100","High","Simple","e=0.03 (RC)",0.297185120611898
"2423","c","ILV","100","High","Simple","e=0.03 (RC)",0.00332662988791349
"2424","b","ILV","100","High","Simple","e=0.03 (RC)",0.686573539727761
"2425","a","SEM","100","High","Simple","e=0.03 (RC)",0.297688075773671
"2426","c","SEM","100","High","Simple","e=0.03 (RC)",0.00250110138209656
"2427","b","SEM","100","High","Simple","e=0.03 (RC)",0.688444338834939
"2428","a","SS","100","High","Simple","e=0.03 (RC)",0.280268346618428
"2429","c","SS","100","High","Simple","e=0.03 (RC)",0.0157940809058715
"2430","b","SS","100","High","Simple","e=0.03 (RC)",0.644469606658742
"2431","a","BS","200","High","Correct","e=0.03 (RC)",0.280074175856454
"2432","c","BS","200","High","Correct","e=0.03 (RC)",0.0137033930999284
"2433","b","BS","200","High","Correct","e=0.03 (RC)",0.650534454897696
"2434","a","RS","200","High","Correct","e=0.03 (RC)",0.318714381812261
"2435","c","RS","200","High","Correct","e=0.03 (RC)",-0.0140803656900377
"2436","b","RS","200","High","Correct","e=0.03 (RC)",0.745491322442206
"2437","a","ILV","200","High","Correct","e=0.03 (RC)",0.298829486414773
"2438","c","ILV","200","High","Correct","e=0.03 (RC)",0.000214574595146793
"2439","b","ILV","200","High","Correct","e=0.03 (RC)",0.698788030880677
"2440","a","SEM","200","High","Correct","e=0.03 (RC)",0.299504477598704
"2441","c","SEM","200","High","Correct","e=0.03 (RC)",-0.000491741486387247
"2442","b","SEM","200","High","Correct","e=0.03 (RC)",0.700637369603949
"2443","a","SS","200","High","Correct","e=0.03 (RC)",0.278133095673592
"2444","c","SS","200","High","Correct","e=0.03 (RC)",0.0150868689884267
"2445","b","SS","200","High","Correct","e=0.03 (RC)",0.645985465576984
"2446","a","BS","200","High","Simple","e=0.03 (RC)",0.27944469156345
"2447","c","BS","200","High","Simple","e=0.03 (RC)",0.0138566558960396
"2448","b","BS","200","High","Simple","e=0.03 (RC)",0.64917880158637
"2449","a","RS","200","High","Simple","e=0.03 (RC)",0.312535121492188
"2450","c","RS","200","High","Simple","e=0.03 (RC)",-0.00950234858274125
"2451","b","RS","200","High","Simple","e=0.03 (RC)",0.730557323397639
"2452","a","ILV","200","High","Simple","e=0.03 (RC)",0.295602644895214
"2453","c","ILV","200","High","Simple","e=0.03 (RC)",0.00242591962790637
"2454","b","ILV","200","High","Simple","e=0.03 (RC)",0.691300929650289
"2455","a","SEM","200","High","Simple","e=0.03 (RC)",0.296067655173843
"2456","c","SEM","200","High","Simple","e=0.03 (RC)",0.00198556563739528
"2457","b","SEM","200","High","Simple","e=0.03 (RC)",0.691725027690171
"2458","a","SS","200","High","Simple","e=0.03 (RC)",0.278133095673592
"2459","c","SS","200","High","Simple","e=0.03 (RC)",0.0150868689884267
"2460","b","SS","200","High","Simple","e=0.03 (RC)",0.645985465576984
"2461","a","BS","300","High","Correct","e=0.03 (RC)",0.279168103115867
"2462","c","BS","300","High","Correct","e=0.03 (RC)",0.0151645529881361
"2463","b","BS","300","High","Correct","e=0.03 (RC)",0.649875528656018
"2464","a","RS","300","High","Correct","e=0.03 (RC)",0.318251724864237
"2465","c","RS","300","High","Correct","e=0.03 (RC)",-0.0124891875235945
"2466","b","RS","300","High","Correct","e=0.03 (RC)",0.745604658698144
"2467","a","ILV","300","High","Correct","e=0.03 (RC)",0.29836492412796
"2468","c","ILV","300","High","Correct","e=0.03 (RC)",0.0014555275119153
"2469","b","ILV","300","High","Correct","e=0.03 (RC)",0.699440376132094
"2470","a","SEM","300","High","Correct","e=0.03 (RC)",0.298810732783366
"2471","c","SEM","300","High","Correct","e=0.03 (RC)",0.00104923027371341
"2472","b","SEM","300","High","Correct","e=0.03 (RC)",0.70037474101434
"2473","a","SS","300","High","Correct","e=0.03 (RC)",0.276895978077461
"2474","c","SS","300","High","Correct","e=0.03 (RC)",0.0162527981553479
"2475","b","SS","300","High","Correct","e=0.03 (RC)",0.645643603463322
"2476","a","BS","300","High","Simple","e=0.03 (RC)",0.278647498143206
"2477","c","BS","300","High","Simple","e=0.03 (RC)",0.015400372388888
"2478","b","BS","300","High","Simple","e=0.03 (RC)",0.648832762563185
"2479","a","RS","300","High","Simple","e=0.03 (RC)",0.311895796831703
"2480","c","RS","300","High","Simple","e=0.03 (RC)",-0.00769490026062262
"2481","b","RS","300","High","Simple","e=0.03 (RC)",0.730375530577738
"2482","a","ILV","300","High","Simple","e=0.03 (RC)",0.295129957202464
"2483","c","ILV","300","High","Simple","e=0.03 (RC)",0.00382403626157275
"2484","b","ILV","300","High","Simple","e=0.03 (RC)",0.690908554421913
"2485","a","SEM","300","High","Simple","e=0.03 (RC)",0.295340994222625
"2486","c","SEM","300","High","Simple","e=0.03 (RC)",0.0036701875402349
"2487","b","SEM","300","High","Simple","e=0.03 (RC)",0.691459870861133
"2488","a","SS","300","High","Simple","e=0.03 (RC)",0.276895978077461
"2489","c","SS","300","High","Simple","e=0.03 (RC)",0.0162527981553479
"2490","b","SS","300","High","Simple","e=0.03 (RC)",0.645643603463322
"2491","a","BS","400","High","Correct","e=0.03 (RC)",0.281139255146756
"2492","c","BS","400","High","Correct","e=0.03 (RC)",0.0152055653643096
"2493","b","BS","400","High","Correct","e=0.03 (RC)",0.648961192144738
"2494","a","RS","400","High","Correct","e=0.03 (RC)",0.320703085715751
"2495","c","RS","400","High","Correct","e=0.03 (RC)",-0.0125718207290496
"2496","b","RS","400","High","Correct","e=0.03 (RC)",0.744593508606616
"2497","a","ILV","400","High","Correct","e=0.03 (RC)",0.300538368998366
"2498","c","ILV","400","High","Correct","e=0.03 (RC)",0.00160829728878209
"2499","b","ILV","400","High","Correct","e=0.03 (RC)",0.698267971354182
"2500","a","SEM","400","High","Correct","e=0.03 (RC)",0.301018636572018
"2501","c","SEM","400","High","Correct","e=0.03 (RC)",0.00103867853563227
"2502","b","SEM","400","High","Correct","e=0.03 (RC)",0.699376968273755
"2503","a","SS","400","High","Correct","e=0.03 (RC)",0.279797461563647
"2504","c","SS","400","High","Correct","e=0.03 (RC)",0.016223144204816
"2505","b","SS","400","High","Correct","e=0.03 (RC)",0.644208743998785
"2506","a","BS","400","High","Simple","e=0.03 (RC)",0.280703249985349
"2507","c","BS","400","High","Simple","e=0.03 (RC)",0.0154925319793911
"2508","b","BS","400","High","Simple","e=0.03 (RC)",0.648036285168408
"2509","a","RS","400","High","Simple","e=0.03 (RC)",0.314208882704903
"2510","c","RS","400","High","Simple","e=0.03 (RC)",-0.00767669036250772
"2511","b","RS","400","High","Simple","e=0.03 (RC)",0.729345512028856
"2512","a","ILV","400","High","Simple","e=0.03 (RC)",0.297144879218872
"2513","c","ILV","400","High","Simple","e=0.03 (RC)",0.00400784888940607
"2514","b","ILV","400","High","Simple","e=0.03 (RC)",0.689989722734641
"2515","a","SEM","400","High","Simple","e=0.03 (RC)",0.297523765199236
"2516","c","SEM","400","High","Simple","e=0.03 (RC)",0.00373313673043945
"2517","b","SEM","400","High","Simple","e=0.03 (RC)",0.690512310007171
"2518","a","SS","400","High","Simple","e=0.03 (RC)",0.279797461563647
"2519","c","SS","400","High","Simple","e=0.03 (RC)",0.016223144204816
"2520","b","SS","400","High","Simple","e=0.03 (RC)",0.644208743998785
"2521","a","BS","30","High","Correct","e=0.09 (RC)",0.27682223794236
"2522","c","BS","30","High","Correct","e=0.09 (RC)",0.0158048872903007
"2523","b","BS","30","High","Correct","e=0.09 (RC)",0.635882115155428
"2524","a","RS","30","High","Correct","e=0.09 (RC)",0.311428363092763
"2525","c","RS","30","High","Correct","e=0.09 (RC)",-0.0109643554740634
"2526","b","RS","30","High","Correct","e=0.09 (RC)",0.723782083169558
"2527","a","ILV","30","High","Correct","e=0.09 (RC)",0.291323564022119
"2528","c","ILV","30","High","Correct","e=0.09 (RC)",0.00600523365196549
"2529","b","ILV","30","High","Correct","e=0.09 (RC)",0.673660222605874
"2530","a","SEM","30","High","Correct","e=0.09 (RC)",0.294325947317703
"2531","c","SEM","30","High","Correct","e=0.09 (RC)",0.00197681993789735
"2532","b","SEM","30","High","Correct","e=0.09 (RC)",0.682542488416989
"2533","a","SS","30","High","Correct","e=0.09 (RC)",0.277946274489463
"2534","c","SS","30","High","Correct","e=0.09 (RC)",0.0197229136292666
"2535","b","SS","30","High","Correct","e=0.09 (RC)",0.62337418030399
"2536","a","BS","30","High","Simple","e=0.09 (RC)",0.271567931289318
"2537","c","BS","30","High","Simple","e=0.09 (RC)",0.0183643275694722
"2538","b","BS","30","High","Simple","e=0.09 (RC)",0.624158824404153
"2539","a","RS","30","High","Simple","e=0.09 (RC)",0.296249717633011
"2540","c","RS","30","High","Simple","e=0.09 (RC)",0.000527448939748754
"2541","b","RS","30","High","Simple","e=0.09 (RC)",0.687042413777959
"2542","a","ILV","30","High","Simple","e=0.09 (RC)",0.283354828738221
"2543","c","ILV","30","High","Simple","e=0.09 (RC)",0.012929026595793
"2544","b","ILV","30","High","Simple","e=0.09 (RC)",0.651550792233773
"2545","a","SEM","30","High","Simple","e=0.09 (RC)",0.284007543901096
"2546","c","SEM","30","High","Simple","e=0.09 (RC)",0.00929573206744761
"2547","b","SEM","30","High","Simple","e=0.09 (RC)",0.656849750571826
"2548","a","SS","30","High","Simple","e=0.09 (RC)",0.277946274489463
"2549","c","SS","30","High","Simple","e=0.09 (RC)",0.0197229136292666
"2550","b","SS","30","High","Simple","e=0.09 (RC)",0.62337418030399
"2551","a","BS","60","High","Correct","e=0.09 (RC)",0.276265444014944
"2552","c","BS","60","High","Correct","e=0.09 (RC)",0.012957845625899
"2553","b","BS","60","High","Correct","e=0.09 (RC)",0.644509615191076
"2554","a","RS","60","High","Correct","e=0.09 (RC)",0.316543047072629
"2555","c","RS","60","High","Correct","e=0.09 (RC)",-0.0177861715342615
"2556","b","RS","60","High","Correct","e=0.09 (RC)",0.74769432470836
"2557","a","ILV","60","High","Correct","e=0.09 (RC)",0.293785455322992
"2558","c","ILV","60","High","Correct","e=0.09 (RC)",-0.000828248606220059
"2559","b","ILV","60","High","Correct","e=0.09 (RC)",0.692536715206959
"2560","a","SEM","60","High","Correct","e=0.09 (RC)",0.296599804497932
"2561","c","SEM","60","High","Correct","e=0.09 (RC)",-0.00285060710067245
"2562","b","SEM","60","High","Correct","e=0.09 (RC)",0.699378212302754
"2563","a","SS","60","High","Correct","e=0.09 (RC)",0.274810976269023
"2564","c","SS","60","High","Correct","e=0.09 (RC)",0.0158460718270009
"2565","b","SS","60","High","Correct","e=0.09 (RC)",0.639749260014873
"2566","a","BS","60","High","Simple","e=0.09 (RC)",0.273066395330047
"2567","c","BS","60","High","Simple","e=0.09 (RC)",0.0144470036352184
"2568","b","BS","60","High","Simple","e=0.09 (RC)",0.637507777925699
"2569","a","RS","60","High","Simple","e=0.09 (RC)",0.30043977008758
"2570","c","RS","60","High","Simple","e=0.09 (RC)",-0.00516464209132212
"2571","b","RS","60","High","Simple","e=0.09 (RC)",0.70726223757338
"2572","a","ILV","60","High","Simple","e=0.09 (RC)",0.285871571165045
"2573","c","ILV","60","High","Simple","e=0.09 (RC)",0.0064959289690801
"2574","b","ILV","60","High","Simple","e=0.09 (RC)",0.67012233459284
"2575","a","SEM","60","High","Simple","e=0.09 (RC)",0.286834139135185
"2576","c","SEM","60","High","Simple","e=0.09 (RC)",0.00450494069541117
"2577","b","SEM","60","High","Simple","e=0.09 (RC)",0.673751516600553
"2578","a","SS","60","High","Simple","e=0.09 (RC)",0.274810976269023
"2579","c","SS","60","High","Simple","e=0.09 (RC)",0.0158460718270009
"2580","b","SS","60","High","Simple","e=0.09 (RC)",0.639749260014873
"2581","a","BS","100","High","Correct","e=0.09 (RC)",0.278952258696195
"2582","c","BS","100","High","Correct","e=0.09 (RC)",0.0165500833825198
"2583","b","BS","100","High","Correct","e=0.09 (RC)",0.641412698442665
"2584","a","RS","100","High","Correct","e=0.09 (RC)",0.32259472823177
"2585","c","RS","100","High","Correct","e=0.09 (RC)",-0.0141568462155314
"2586","b","RS","100","High","Correct","e=0.09 (RC)",0.746041769728984
"2587","a","ILV","100","High","Correct","e=0.09 (RC)",0.299378882558505
"2588","c","ILV","100","High","Correct","e=0.09 (RC)",0.00225363236578017
"2589","b","ILV","100","High","Correct","e=0.09 (RC)",0.692406252795847
"2590","a","SEM","100","High","Correct","e=0.09 (RC)",0.300921781377483
"2591","c","SEM","100","High","Correct","e=0.09 (RC)",0.000828095327518277
"2592","b","SEM","100","High","Correct","e=0.09 (RC)",0.69697626876339
"2593","a","SS","100","High","Correct","e=0.09 (RC)",0.278662131038157
"2594","c","SS","100","High","Correct","e=0.09 (RC)",0.0188116467021547
"2595","b","SS","100","High","Correct","e=0.09 (RC)",0.63509223793544
"2596","a","BS","100","High","Simple","e=0.09 (RC)",0.276373723780554
"2597","c","BS","100","High","Simple","e=0.09 (RC)",0.0180493094920317
"2598","b","BS","100","High","Simple","e=0.09 (RC)",0.63541731968856
"2599","a","RS","100","High","Simple","e=0.09 (RC)",0.305344297312837
"2600","c","RS","100","High","Simple","e=0.09 (RC)",-0.00140836900902197
"2601","b","RS","100","High","Simple","e=0.09 (RC)",0.705792652074424
"2602","a","ILV","100","High","Simple","e=0.09 (RC)",0.290454103192547
"2603","c","ILV","100","High","Simple","e=0.09 (RC)",0.00908242606000628
"2604","b","ILV","100","High","Simple","e=0.09 (RC)",0.66993108488582
"2605","a","SEM","100","High","Simple","e=0.09 (RC)",0.290920053835701
"2606","c","SEM","100","High","Simple","e=0.09 (RC)",0.00821287626162921
"2607","b","SEM","100","High","Simple","e=0.09 (RC)",0.671946356643582
"2608","a","SS","100","High","Simple","e=0.09 (RC)",0.278662131038157
"2609","c","SS","100","High","Simple","e=0.09 (RC)",0.0188116467021547
"2610","b","SS","100","High","Simple","e=0.09 (RC)",0.63509223793544
"2611","a","BS","200","High","Correct","e=0.09 (RC)",0.280559306856954
"2612","c","BS","200","High","Correct","e=0.09 (RC)",0.01758764400468
"2613","b","BS","200","High","Correct","e=0.09 (RC)",0.641356736018566
"2614","a","RS","200","High","Correct","e=0.09 (RC)",0.325644168082444
"2615","c","RS","200","High","Correct","e=0.09 (RC)",-0.0140555687529243
"2616","b","RS","200","High","Correct","e=0.09 (RC)",0.749741249702312
"2617","a","ILV","200","High","Correct","e=0.09 (RC)",0.302414483102495
"2618","c","ILV","200","High","Correct","e=0.09 (RC)",0.00247138138745987
"2619","b","ILV","200","High","Correct","e=0.09 (RC)",0.696802248992699
"2620","a","SEM","200","High","Correct","e=0.09 (RC)",0.303242226985383
"2621","c","SEM","200","High","Correct","e=0.09 (RC)",0.00140684100846589
"2622","b","SEM","200","High","Correct","e=0.09 (RC)",0.698909091976868
"2623","a","SS","200","High","Correct","e=0.09 (RC)",0.27818536474281
"2624","c","SS","200","High","Correct","e=0.09 (RC)",0.0186436492786268
"2625","b","SS","200","High","Correct","e=0.09 (RC)",0.637179963285472
"2626","a","BS","200","High","Simple","e=0.09 (RC)",0.278464783803656
"2627","c","BS","200","High","Simple","e=0.09 (RC)",0.018702292282574
"2628","b","BS","200","High","Simple","e=0.09 (RC)",0.63685471465683
"2629","a","RS","200","High","Simple","e=0.09 (RC)",0.308141283245032
"2630","c","RS","200","High","Simple","e=0.09 (RC)",-0.0012537357283121
"2631","b","RS","200","High","Simple","e=0.09 (RC)",0.709098361964126
"2632","a","ILV","200","High","Simple","e=0.09 (RC)",0.292889093335718
"2633","c","ILV","200","High","Simple","e=0.09 (RC)",0.00904620240818107
"2634","b","ILV","200","High","Simple","e=0.09 (RC)",0.673184048677163
"2635","a","SEM","200","High","Simple","e=0.09 (RC)",0.293358934148331
"2636","c","SEM","200","High","Simple","e=0.09 (RC)",0.00861946177400964
"2637","b","SEM","200","High","Simple","e=0.09 (RC)",0.674348829918318
"2638","a","SS","200","High","Simple","e=0.09 (RC)",0.27818536474281
"2639","c","SS","200","High","Simple","e=0.09 (RC)",0.0186436492786268
"2640","b","SS","200","High","Simple","e=0.09 (RC)",0.637179963285472
"2641","a","BS","300","High","Correct","e=0.09 (RC)",0.278450351761446
"2642","c","BS","300","High","Correct","e=0.09 (RC)",0.0131492000663428
"2643","b","BS","300","High","Correct","e=0.09 (RC)",0.642451500503377
"2644","a","RS","300","High","Correct","e=0.09 (RC)",0.32393337005738
"2645","c","RS","300","High","Correct","e=0.09 (RC)",-0.0191003384942533
"2646","b","RS","300","High","Correct","e=0.09 (RC)",0.751865306021933
"2647","a","ILV","300","High","Correct","e=0.09 (RC)",0.300622629795961
"2648","c","ILV","300","High","Correct","e=0.09 (RC)",-0.00286027548518788
"2649","b","ILV","300","High","Correct","e=0.09 (RC)",0.699068557289173
"2650","a","SEM","300","High","Correct","e=0.09 (RC)",0.301332917851482
"2651","c","SEM","300","High","Correct","e=0.09 (RC)",-0.00335115077550451
"2652","b","SEM","300","High","Correct","e=0.09 (RC)",0.70054860514312
"2653","a","SS","300","High","Correct","e=0.09 (RC)",0.277139007828631
"2654","c","SS","300","High","Correct","e=0.09 (RC)",0.014216912198513
"2655","b","SS","300","High","Correct","e=0.09 (RC)",0.639888688024941
"2656","a","BS","300","High","Simple","e=0.09 (RC)",0.276779714284916
"2657","c","BS","300","High","Simple","e=0.09 (RC)",0.0143563269204456
"2658","b","BS","300","High","Simple","e=0.09 (RC)",0.638279761551422
"2659","a","RS","300","High","Simple","e=0.09 (RC)",0.306606177046919
"2660","c","RS","300","High","Simple","e=0.09 (RC)",-0.00599112900508024
"2661","b","RS","300","High","Simple","e=0.09 (RC)",0.711069152120738
"2662","a","ILV","300","High","Simple","e=0.09 (RC)",0.291514194918099
"2663","c","ILV","300","High","Simple","e=0.09 (RC)",0.00439042154646651
"2664","b","ILV","300","High","Simple","e=0.09 (RC)",0.675305508471529
"2665","a","SEM","300","High","Simple","e=0.09 (RC)",0.291748889155277
"2666","c","SEM","300","High","Simple","e=0.09 (RC)",0.00407163853643752
"2667","b","SEM","300","High","Simple","e=0.09 (RC)",0.676051921416686
"2668","a","SS","300","High","Simple","e=0.09 (RC)",0.277139007828631
"2669","c","SS","300","High","Simple","e=0.09 (RC)",0.014216912198513
"2670","b","SS","300","High","Simple","e=0.09 (RC)",0.639888688024941
"2671","a","BS","400","High","Correct","e=0.09 (RC)",0.277307916549929
"2672","c","BS","400","High","Correct","e=0.09 (RC)",0.0164087048726171
"2673","b","BS","400","High","Correct","e=0.09 (RC)",0.641697358427693
"2674","a","RS","400","High","Correct","e=0.09 (RC)",0.322872266810269
"2675","c","RS","400","High","Correct","e=0.09 (RC)",-0.0151447738036574
"2676","b","RS","400","High","Correct","e=0.09 (RC)",0.750986473576205
"2677","a","ILV","400","High","Correct","e=0.09 (RC)",0.299896034651301
"2678","c","ILV","400","High","Correct","e=0.09 (RC)",0.00053092301734258
"2679","b","ILV","400","High","Correct","e=0.09 (RC)",0.698622859769968
"2680","a","SEM","400","High","Correct","e=0.09 (RC)",0.300212554335688
"2681","c","SEM","400","High","Correct","e=0.09 (RC)",0.000276981572114741
"2682","b","SEM","400","High","Correct","e=0.09 (RC)",0.699745076057426
"2683","a","SS","400","High","Correct","e=0.09 (RC)",0.275649368109812
"2684","c","SS","400","High","Correct","e=0.09 (RC)",0.0177261115943031
"2685","b","SS","400","High","Correct","e=0.09 (RC)",0.637488446763161
"2686","a","BS","400","High","Simple","e=0.09 (RC)",0.27574981591455
"2687","c","BS","400","High","Simple","e=0.09 (RC)",0.0173238636522582
"2688","b","BS","400","High","Simple","e=0.09 (RC)",0.637459999027273
"2689","a","RS","400","High","Simple","e=0.09 (RC)",0.305622248873398
"2690","c","RS","400","High","Simple","e=0.09 (RC)",-0.00261502765971821
"2691","b","RS","400","High","Simple","e=0.09 (RC)",0.710224335532571
"2692","a","ILV","400","High","Simple","e=0.09 (RC)",0.290778301854497
"2693","c","ILV","400","High","Simple","e=0.09 (RC)",0.00745045267565479
"2694","b","ILV","400","High","Simple","e=0.09 (RC)",0.674807018686423
"2695","a","SEM","400","High","Simple","e=0.09 (RC)",0.290735101379143
"2696","c","SEM","400","High","Simple","e=0.09 (RC)",0.00725097742201382
"2697","b","SEM","400","High","Simple","e=0.09 (RC)",0.675224638736977
"2698","a","SS","400","High","Simple","e=0.09 (RC)",0.275649368109812
"2699","c","SS","400","High","Simple","e=0.09 (RC)",0.0177261115943031
"2700","b","SS","400","High","Simple","e=0.09 (RC)",0.637488446763161
